概念ID,原组别,概念原文,视觉版路径,知识库版主路径,知识库扩展入口,主题与属性标签,概念粒度说明,归属待核对,备注
1-001,1,Brassica Oleracea Var. Alboglabra,植物 / 草本与藤本植物 / 蔬菜与豆类植物,农业与园艺 / 作物栽培 / 蔬菜与豆类作物,,,种下变种名（名称粒度）,,保留 var. 原名；未据此修改为当前接受名。
1-002,1,Chinese Zodiac Animals,图像与标识 / 文化图像 / 生肖形象,历史与文化 / 民俗文化 / 生肖,,生肖；文化符号,图像、标志或结构表示,,文化符号集合，不按真实动物物种分类。
1-003,1,Crassula Ovata,植物 / 多肉与肉质植物 / 叶多肉植物,农业与园艺 / 观赏园艺 / 多肉植物,,,种级学名（名称粒度）,,
1-004,1,Flutist,人物与人体 / 人物身份 / 音乐演奏者,艺术与传播 / 音乐 / 演奏者,,,对象类型或专名,,
1-005,1,Give Me Five,活动与场景 / 互动动作 / 击掌,生活与社会 / 人际交往 / 手势与互动,,,动作或场景,,
1-006,1,六角扳手,器具与设备 / 手工工具 / 扳手与套筒,工程与技术 / 机械工具 / 紧固工具,,,对象类型或专名,,
1-007,1,分类树,图像与标识 / 科学与信息图示 / 分类与关系图,数学与自然科学 / 数学与逻辑 / 分类与集合表示,,,图像、标志或结构表示,,
1-008,1,天牛,动物 / 节肢动物 / 甲虫类,生命科学 / 昆虫学 / 甲虫类,,,科级类群：天牛科,,原名保留；上层分类细化不等于该概念已经精确到物种。
1-009,1,山核桃仁,食物与食材 / 植物性食材 / 坚果仁与种仁,食品与饮食 / 食材 / 坚果与种仁,,种仁；食材,对象类型或专名,,
1-010,1,当心滑倒标志,图像与标识 / 公共标志 / 警告标志,生活与社会 / 公共安全 / 警告标志,,,图像、标志或结构表示,,
1-011,1,当心爆炸标志,图像与标识 / 公共标志 / 警告标志,生活与社会 / 公共安全 / 警告标志,,,图像、标志或结构表示,,
1-012,1,文氏图,图像与标识 / 科学与信息图示 / 分类与关系图,数学与自然科学 / 数学与逻辑 / 分类与集合表示,,,图像、标志或结构表示,,
1-013,1,文竹,植物 / 草本与藤本植物 / 观花与观叶草本,农业与园艺 / 观赏园艺 / 草本花卉,,,生物名称,,
1-014,1,母狮无鬃,动物 / 哺乳动物 / 猫科动物,生命科学 / 动物学 / 哺乳动物,,狮；雌性；无鬃,生物名称＋性别与外观,,
1-015,1,砍骨刀,器具与设备 / 餐厨与日用器具 / 刀具,食品与饮食 / 烹饪器具 / 刀具,,,对象类型或专名,,
1-016,1,禁止停车黄网线,图像与标识 / 道路标线 / 路面标记,交通与航天 / 道路交通 / 交通标线,,,图像、标志或结构表示,,
1-017,1,禁止录像标志,图像与标识 / 公共标志 / 禁止标志,生活与社会 / 公共规则 / 禁止标志,,,图像、标志或结构表示,,
1-018,1,禁止鸣笛标志,图像与标识 / 公共标志 / 禁止标志,生活与社会 / 公共规则 / 禁止标志,,,图像、标志或结构表示,,
1-019,1,腰鼓,器具与设备 / 乐器 / 打击乐器,艺术与传播 / 音乐 / 打击乐器,,,对象类型或专名,,
1-020,1,芥蓝,植物 / 草本与藤本植物 / 蔬菜与豆类植物,农业与园艺 / 作物栽培 / 蔬菜与豆类作物,,,生物名称,,
1-021,1,苏式月饼,食物与食材 / 糕点与甜品 / 月饼,食品与饮食 / 糕点与甜品 / 月饼,历史与文化 / 饮食民俗 / 中秋饮食,月饼,对象类型或专名,,
1-022,1,茭白,植物 / 植物部位 / 根与茎,农业与园艺 / 作物与产品 / 蔬菜产品,生命科学 / 植物形态 / 根与茎,茭白；膨大茎,植物部位,,“茭白”通常指食用膨大茎；不将其当作独立植物物种名。
1-023,1,菜心,植物 / 草本与藤本植物 / 蔬菜与豆类植物,农业与园艺 / 作物栽培 / 蔬菜与豆类作物,,,生物名称,,
1-024,1,蒜薹,植物 / 植物部位 / 根与茎,农业与园艺 / 作物与产品 / 蔬菜产品,生命科学 / 植物形态 / 花与花序,蒜；花薹,植物部位,,按可见长茎形态归类；植物学上涉及花薹，不是独立物种。
1-025,1,铁链吊桥,建筑与设施 / 桥梁 / 悬索桥,建筑与土木 / 桥梁工程 / 悬索桥,,,对象类型或专名,,
2-001,2,Agate Geode,自然环境与物质 / 矿物与宝石 / 玛瑙,地球与环境 / 矿物与宝石 / 玛瑙,,,对象类型或专名,,
2-002,2,Agate Stone,自然环境与物质 / 矿物与宝石 / 玛瑙,地球与环境 / 矿物与宝石 / 玛瑙,,,对象类型或专名,,
2-003,2,Angkor Wat,建筑与设施 / 宗教建筑 / 寺庙与神庙,历史与文化 / 宗教文化 / 寺庙与神庙,,,对象类型或专名,,
2-004,2,Axe木棒,器具与设备 / 手工工具 / 锤斧与敲击工具,工程与技术 / 机械工具 / 敲击与劈砍工具,,,对象类型或专名,“Axe”与“木棒”的含义不一致，暂归锤斧与敲击工具。,
2-005,2,Bar Billiard Table,器具与设备 / 体育器材 / 球桌,体育与休闲 / 球类运动 / 台球与乒乓球,,,对象类型或专名,,
2-006,2,Basilica Of Our Lady Of Guadalupe,建筑与设施 / 宗教建筑 / 教堂,历史与文化 / 宗教文化 / 基督宗教建筑,,,对象类型或专名,,
2-007,2,Billiards Table With Ball Return,器具与设备 / 体育器材 / 球桌,体育与休闲 / 球类运动 / 台球与乒乓球,,,对象类型或专名,,
2-008,2,Bun Updo,服饰与造型 / 发型 / 盘发与发髻,生活与社会 / 美容造型 / 发型,,,对象类型或专名,,
2-009,2,Canadian Trans-Canada Highway,建筑与设施 / 交通与水工设施 / 道路,交通与航天 / 道路交通 / 道路网络,,,对象类型或专名,,
2-010,2,Cellist,人物与人体 / 人物身份 / 音乐演奏者,艺术与传播 / 音乐 / 演奏者,,,对象类型或专名,,
2-011,2,Chaotianmen Bridge,建筑与设施 / 桥梁 / 拱桥,建筑与土木 / 桥梁案例 / 中国桥梁,建筑与土木 / 桥梁工程 / 拱桥,具名桥梁,具名实体,,
2-012,2,Computed Tomography Scanner,器具与设备 / 医学与实验设备 / X射线与CT设备,医学与健康 / 医学影像 / X射线与CT,,,对象类型或专名,,
2-013,2,Danish Pastry,食物与食材 / 糕点与甜品 / 酥点与起酥糕点,食品与饮食 / 烘焙 / 酥点与起酥糕点,,,对象类型或专名,,
2-014,2,Deep-sea Anglerfish,动物 / 鱼类 / 海水鱼类,生命科学 / 鱼类学 / 海水鱼类,,,多物种类群通名,,原名保留；上层分类细化不等于该概念已经精确到物种。
2-015,2,Digital Blood Pressure Monitor,器具与设备 / 医学与实验设备 / 血压测量设备,医学与健康 / 临床检查 / 血压监测,,,对象类型或专名,,
2-016,2,Dolma,食物与食材 / 菜肴 / 酿蔬菜与叶包菜肴,食品与饮食 / 烹饪技法 / 包裹与填馅,,,对象类型或专名,,
2-017,2,Drive Socket,器具与设备 / 手工工具 / 扳手与套筒,工程与技术 / 机械工具 / 紧固工具,,,对象类型或专名,,
2-018,2,Electronic Sphygmomanometer,器具与设备 / 医学与实验设备 / 血压测量设备,医学与健康 / 临床检查 / 血压监测,,,对象类型或专名,,
2-019,2,Great Mosque Of Mecca,建筑与设施 / 宗教建筑 / 清真寺,历史与文化 / 宗教文化 / 伊斯兰建筑,,,对象类型或专名,,
2-020,2,Hemi-walker,器具与设备 / 康复辅助器具 / 助行与训练器具,医学与健康 / 康复医学 / 步行与运动康复,,,对象类型或专名,,
2-021,2,Hockey Skate,器具与设备 / 体育器材 / 冰鞋,体育与休闲 / 冰雪运动 / 冰上运动装备,,,对象类型或专名,,
2-022,2,Home Blood Pressure Monitor,器具与设备 / 医学与实验设备 / 血压测量设备,医学与健康 / 临床检查 / 血压监测,,,对象类型或专名,,
2-023,2,Jama Masjid Delhi,建筑与设施 / 宗教建筑 / 清真寺,历史与文化 / 宗教文化 / 伊斯兰建筑,,,对象类型或专名,,
2-024,2,Karst Landscape In Croatia (Plitvice),自然环境与物质 / 地形与地貌 / 喀斯特地貌,地球与环境 / 地质地貌 / 喀斯特,,,对象类型或专名,,
2-025,2,Karst Landscape In Halong Bay,自然环境与物质 / 地形与地貌 / 喀斯特地貌,地球与环境 / 地质地貌 / 喀斯特,,,对象类型或专名,,
2-026,2,Karst Landscape In Mexico (Cenotes),自然环境与物质 / 地形与地貌 / 喀斯特地貌,地球与环境 / 地质地貌 / 喀斯特,,,对象类型或专名,,
2-027,2,Lancet Arch,建筑与设施 / 建筑结构 / 拱与扶壁,建筑与土木 / 建筑构造 / 拱与扶壁,,,对象类型或专名,,
2-028,2,Lane Marking,图像与标识 / 道路标线 / 路面标记,交通与航天 / 道路交通 / 交通标线,,,图像、标志或结构表示,,
2-029,2,"Liuhe Pagoda, Hangzhou",建筑与设施 / 建筑与建筑群 / 塔,历史与文化 / 建筑遗产 / 塔,,,对象类型或专名,,
2-030,2,Mausoleum Of Galla Placidia,建筑与设施 / 建筑与建筑群 / 陵墓,历史与文化 / 建筑遗产 / 陵墓,,,对象类型或专名,,
2-031,2,Mooncake,食物与食材 / 糕点与甜品 / 月饼,食品与饮食 / 糕点与甜品 / 月饼,历史与文化 / 饮食民俗 / 中秋饮食,月饼,对象类型或专名,,
2-032,2,Nebulizer,器具与设备 / 医学与实验设备 / 雾化治疗设备,医学与健康 / 治疗技术 / 雾化治疗,,,对象类型或专名,,
2-033,2,No Dogs Allowed Sign,图像与标识 / 公共标志 / 禁止标志,生活与社会 / 公共规则 / 禁止标志,,,图像、标志或结构表示,,
2-034,2,P90冲锋枪,器具与设备 / 武器与防护装备 / 枪械,军事与防务 / 武器装备 / 轻武器,,,对象类型或专名,,
2-035,2,Palmier,食物与食材 / 糕点与甜品 / 酥点与起酥糕点,食品与饮食 / 烘焙 / 酥点与起酥糕点,,,对象类型或专名,,
2-036,2,"Paper Cutting (Chinese Folk Art, Window Flowers)",艺术与装饰品 / 工艺品 / 剪纸,历史与文化 / 传统工艺 / 剪纸,,,对象类型或专名,,
2-037,2,Pistol Crossbow,器具与设备 / 武器与防护装备 / 弓弩与投掷武器,军事与防务 / 武器装备 / 冷兵器,,,对象类型或专名,,
2-038,2,Pointed Arch,建筑与设施 / 建筑结构 / 拱与扶壁,建筑与土木 / 建筑构造 / 拱与扶壁,,,对象类型或专名,,
2-039,2,Pork Terrine,食物与食材 / 菜肴 / 肉冻与冷肉菜肴,食品与饮食 / 烹饪技法 / 肉冻与冷肉制作,,,对象类型或专名,,
2-040,2,Prambanan Temple,建筑与设施 / 宗教建筑 / 寺庙与神庙,历史与文化 / 宗教文化 / 寺庙与神庙,,,对象类型或专名,,
2-041,2,Profiterole,食物与食材 / 糕点与甜品 / 泡芙,食品与饮食 / 烘焙 / 泡芙,,,对象类型或专名,,
2-042,2,Pâté En Croûte,食物与食材 / 菜肴 / 肉冻与冷肉菜肴,食品与饮食 / 烹饪技法 / 肉冻与冷肉制作,,,对象类型或专名,,
2-043,2,Road Marking,图像与标识 / 道路标线 / 路面标记,交通与航天 / 道路交通 / 交通标线,,,图像、标志或结构表示,,
2-044,2,Soap Dispenser,器具与设备 / 餐厨与日用器具 / 日用分配器,生活与社会 / 日常生活 / 卫生用品,,,对象类型或专名,,
2-045,2,Sock Bun,服饰与造型 / 发型 / 盘发与发髻,生活与社会 / 美容造型 / 发型,,,对象类型或专名,,
2-046,2,Speed Skates,器具与设备 / 体育器材 / 冰鞋,体育与休闲 / 冰雪运动 / 冰上运动装备,,,对象类型或专名,,
2-047,2,Speicherstadt,建筑与设施 / 建筑与建筑群 / 仓储建筑群,历史与文化 / 建筑遗产 / 工业与商业建筑,,,对象类型或专名,,
2-048,2,Sydney Harbour Bridge,建筑与设施 / 桥梁 / 拱桥,建筑与土木 / 桥梁案例 / 海外桥梁,建筑与土木 / 桥梁工程 / 拱桥,具名桥梁,具名实体,,
2-049,2,Tennis Table,器具与设备 / 体育器材 / 球桌,体育与休闲 / 球类运动 / 台球与乒乓球,,,对象类型或专名,按 Table Tennis 球台语境暂归球桌；保留原文 Tennis Table。,
2-050,2,The Dance (Henri Matisse),图像与标识 / 艺术图像 / 绘画作品,艺术与传播 / 视觉艺术 / 绘画,,,图像、标志或结构表示,,
2-051,2,Thermometer Strip,器具与设备 / 医学与实验设备 / 体温测量设备,医学与健康 / 临床检查 / 体温监测,,,对象类型或专名,,
2-052,2,Through Arch Bridge,建筑与设施 / 桥梁 / 拱桥,建筑与土木 / 桥梁工程 / 拱桥,,,对象类型或专名,,
2-053,2,Trombone,器具与设备 / 乐器 / 吹管乐器,艺术与传播 / 音乐 / 吹管乐器,,,对象类型或专名,,
2-054,2,Tsing Ma Bridge,建筑与设施 / 桥梁 / 悬索桥,建筑与土木 / 桥梁案例 / 中国桥梁,建筑与土木 / 桥梁工程 / 悬索桥,具名桥梁,具名实体,,
2-055,2,Ultrasound Machine,器具与设备 / 医学与实验设备 / 超声设备,医学与健康 / 医学影像 / 超声诊断,,,对象类型或专名,,
2-056,2,Zaru Udon,食物与食材 / 米面食品 / 面条与意面,食品与饮食 / 米面食品 / 面条与意面,,,对象类型或专名,,
2-057,2,一次性体温计,器具与设备 / 医学与实验设备 / 体温测量设备,医学与健康 / 临床检查 / 体温监测,,,对象类型或专名,,
2-058,2,一次性胶片相机,器具与设备 / 摄影器材 / 胶片相机,艺术与传播 / 摄影 / 摄影器材,,,对象类型或专名,,
2-059,2,上斜训练凳,器具与设备 / 体育器材 / 力量训练器械,体育与休闲 / 健身训练 / 力量训练,,,对象类型或专名,,
2-060,2,东正教堂,建筑与设施 / 宗教建筑 / 教堂,历史与文化 / 宗教文化 / 基督宗教建筑,,,对象类型或专名,,
2-061,2,中国结,艺术与装饰品 / 工艺品 / 结绳工艺品,历史与文化 / 传统工艺 / 中国结,,,对象类型或专名,,
2-062,2,中山陵,建筑与设施 / 建筑与建筑群 / 陵墓,历史与文化 / 建筑遗产 / 陵墓,,,对象类型或专名,,
2-063,2,五仁月饼,食物与食材 / 糕点与甜品 / 月饼,食品与饮食 / 糕点与甜品 / 月饼,历史与文化 / 饮食民俗 / 中秋饮食,月饼,对象类型或专名,,
2-064,2,五毒衣,服饰与造型 / 服装 / 传统与民族服装,历史与文化 / 服饰文化 / 传统与民族服饰,,,对象类型或专名,,
2-065,2,亨利·卡蒂埃-布列松圣拉扎尔车站背后,图像与标识 / 艺术图像 / 摄影作品,艺术与传播 / 摄影 / 摄影作品,,,图像、标志或结构表示,,
2-066,2,人行悬索便桥,建筑与设施 / 桥梁 / 悬索桥,建筑与土木 / 桥梁工程 / 悬索桥,,,对象类型或专名,,
2-067,2,便携式超声仪,器具与设备 / 医学与实验设备 / 超声设备,医学与健康 / 医学影像 / 超声诊断,,,对象类型或专名,,
2-068,2,八角大锤,器具与设备 / 手工工具 / 锤斧与敲击工具,工程与技术 / 机械工具 / 敲击与劈砍工具,,,对象类型或专名,,
2-069,2,八角楼阁塔,建筑与设施 / 建筑与建筑群 / 塔,历史与文化 / 建筑遗产 / 塔,,,对象类型或专名,,
2-070,2,公主方切割钻石,自然环境与物质 / 矿物与宝石 / 切割钻石,工程与技术 / 宝石加工 / 钻石切工,,,对象类型或专名,,
2-071,2,减速震荡标线,图像与标识 / 道路标线 / 路面标记,交通与航天 / 道路交通 / 交通标线,,,图像、标志或结构表示,,
2-072,2,刹车卡钳,交通工具 / 交通工具部件 / 汽车部件,交通与航天 / 汽车工程 / 制动系统,,,对象类型或专名,,
2-073,2,前臂假肢,器具与设备 / 康复辅助器具 / 假肢,医学与健康 / 康复医学 / 假肢与矫形,,,对象类型或专名,,
2-074,2,剪纸作品,艺术与装饰品 / 工艺品 / 剪纸,历史与文化 / 传统工艺 / 剪纸,,,对象类型或专名,,
2-075,2,剪纸文字,艺术与装饰品 / 工艺品 / 剪纸,历史与文化 / 传统工艺 / 剪纸,,,对象类型或专名,,
2-076,2,化学结构模型,图像与标识 / 科学与信息图示 / 化学结构图与模型,数学与自然科学 / 化学 / 分子结构表示,,,图像、标志或结构表示,,
2-077,2,十字弩,器具与设备 / 武器与防护装备 / 弓弩与投掷武器,军事与防务 / 武器装备 / 冷兵器,,,对象类型或专名,,
2-078,2,单柱升降机,器具与设备 / 机械与作业设备 / 升降与顶升设备,工程与技术 / 工程机械 / 升降与顶升,,,对象类型或专名,,
2-079,2,单道移液器,器具与设备 / 医学与实验设备 / 移液与分液设备,生命科学 / 实验技术 / 液体处理,,,对象类型或专名,,
2-080,2,卢沟桥,建筑与设施 / 桥梁 / 拱桥,建筑与土木 / 桥梁案例 / 中国桥梁,建筑与土木 / 桥梁工程 / 拱桥,具名桥梁,具名实体,,
2-081,2,卷心菜叶肉卷,食物与食材 / 菜肴 / 酿蔬菜与叶包菜肴,食品与饮食 / 烹饪技法 / 包裹与填馅,,,对象类型或专名,,
2-082,2,可折叠座椅,器具与设备 / 家具 / 座椅,生活与社会 / 日常生活 / 家具,,,对象类型或专名,,
2-083,2,可调节训练凳,器具与设备 / 体育器材 / 力量训练器械,体育与休闲 / 健身训练 / 力量训练,,,对象类型或专名,,
2-084,2,台风,自然环境与物质 / 天气现象 / 热带气旋,地球与环境 / 气象学 / 热带气旋,,,对象类型或专名,,
2-085,2,唢呐,器具与设备 / 乐器 / 吹管乐器,艺术与传播 / 音乐 / 吹管乐器,,,对象类型或专名,,
2-086,2,唢呐杆,器具与设备 / 乐器 / 乐器部件,艺术与传播 / 音乐 / 乐器构造,,,对象类型或专名,,
2-087,2,园艺柱洞挖掘器,器具与设备 / 手工工具 / 挖掘工具,农业与园艺 / 农林装备 / 园艺工具,,,对象类型或专名,,
2-088,2,图卢姆,建筑与设施 / 遗址 / 建筑与聚落遗址,历史与文化 / 考古遗址 / 建筑与聚落遗址,,,对象类型或专名,,
2-089,2,圆明园遗址,建筑与设施 / 遗址 / 建筑与聚落遗址,历史与文化 / 考古遗址 / 建筑与聚落遗址,,,对象类型或专名,,
2-090,2,圣家族大教堂,建筑与设施 / 宗教建筑 / 教堂,历史与文化 / 宗教文化 / 基督宗教建筑,,,对象类型或专名,,
2-091,2,坐姿推胸训练器,器具与设备 / 体育器材 / 力量训练器械,体育与休闲 / 健身训练 / 力量训练,,,对象类型或专名,,
2-092,2,培根班尼迪克蛋,食物与食材 / 菜肴 / 蛋类组合菜肴,食品与饮食 / 菜肴 / 班尼迪克蛋与相关菜肴,,,对象类型或专名,,
2-093,2,塔吊,器具与设备 / 机械与作业设备 / 起重设备,工程与技术 / 工程机械 / 起重与提升,,,对象类型或专名,,
2-094,2,塞维利亚大教堂,建筑与设施 / 宗教建筑 / 教堂,历史与文化 / 宗教文化 / 基督宗教建筑,,,对象类型或专名,,
2-095,2,大型客机机翼,交通工具 / 交通工具部件 / 机翼与机体部件,交通与航天 / 航空工程 / 机体结构,,,对象类型或专名,,
2-096,2,大腿骨,人物与人体 / 人体结构 / 骨骼,医学与健康 / 人体解剖 / 骨骼系统,,,对象类型或专名,,
2-097,2,夹子风扇,器具与设备 / 环境调节设备 / 风扇,工程与技术 / 暖通与制冷 / 通风设备,,,对象类型或专名,,
2-098,2,奶酪焗笔管面,食物与食材 / 米面食品 / 面条与意面,食品与饮食 / 米面食品 / 面条与意面,,,对象类型或专名,,
2-099,2,妇好三联甗,器具与设备 / 餐厨与日用器具 / 炊煮器具,历史与文化 / 考古与文物 / 青铜器,食品与饮食 / 烹饪器具 / 炊具,青铜器；炊具,对象类型或专名,,以器物类型做视觉归类，以文物身份做知识归类。
2-100,2,学位服,服饰与造型 / 服装 / 学位礼服,生活与社会 / 教育 / 学位与毕业仪式,,,对象类型或专名,,
2-101,2,密封圈,器具与设备 / 机械零部件 / 密封件,工程与技术 / 机械工程 / 密封技术,,,对象类型或专名,,
2-102,2,小年祭灶,活动与场景 / 民俗活动 / 祭灶,历史与文化 / 民俗文化 / 节日习俗,,,动作或场景,,
2-103,2,尼姆方形神庙,建筑与设施 / 宗教建筑 / 寺庙与神庙,历史与文化 / 宗教文化 / 寺庙与神庙,,,对象类型或专名,,
2-104,2,岳王墓,建筑与设施 / 建筑与建筑群 / 陵墓,历史与文化 / 建筑遗产 / 陵墓,,,对象类型或专名,,
2-105,2,峰林,自然环境与物质 / 地形与地貌 / 喀斯特地貌,地球与环境 / 地质地貌 / 喀斯特,,,对象类型或专名,,
2-106,2,巴黎新桥,建筑与设施 / 桥梁 / 拱桥,建筑与土木 / 桥梁案例 / 海外桥梁,建筑与土木 / 桥梁工程 / 拱桥,具名桥梁,具名实体,,
2-107,2,带护挡披萨刀,器具与设备 / 餐厨与日用器具 / 刀具,食品与饮食 / 烹饪器具 / 刀具,,,对象类型或专名,,
2-108,2,康复训练平行杠,器具与设备 / 康复辅助器具 / 助行与训练器具,医学与健康 / 康复医学 / 步行与运动康复,,,对象类型或专名,,
2-109,2,弹簧草,植物 / 多肉与肉质植物 / 茎与地下器官肉质植物,农业与园艺 / 观赏园艺 / 多肉与球根植物,,,生物名称,“弹簧草”在园艺语境可指不同植物；保留通名，不指定物种。,
2-110,2,戏服,服饰与造型 / 服装 / 表演服装,艺术与传播 / 表演艺术 / 舞台服装,,,对象类型或专名,,
2-111,2,手动喷雾器,器具与设备 / 机械与作业设备 / 喷雾设备,农业与园艺 / 农林装备 / 植保设备,,,对象类型或专名,,
2-112,2,手动起重机,器具与设备 / 机械与作业设备 / 起重设备,工程与技术 / 工程机械 / 起重与提升,,,对象类型或专名,,
2-113,2,折叠椅,器具与设备 / 家具 / 座椅,生活与社会 / 日常生活 / 家具,,,对象类型或专名,,
2-114,2,抱子甘蓝田,活动与场景 / 农业与园艺场景 / 农田与种植,农业与园艺 / 农业生产 / 作物种植,农业与园艺 / 作物栽培 / 蔬菜与豆类作物,抱子甘蓝；农田,动作或场景,,
2-115,2,支承结构 / 支撑物 / 以扶壁支撑 / 拱扶垛,建筑与设施 / 建筑结构 / 拱与扶壁,建筑与土木 / 建筑构造 / 拱与扶壁,,,建筑构件,,原概念字符串自身含斜杠，但整体作为一个概念保留，不把它拆成四个节点。
2-116,2,故宫,建筑与设施 / 建筑与建筑群 / 宫殿,历史与文化 / 建筑遗产 / 宫殿,,,对象类型或专名,,
2-117,2,数显扭矩扳手,器具与设备 / 手工工具 / 扳手与套筒,工程与技术 / 机械工具 / 紧固工具,,,对象类型或专名,,
2-118,2,斜拉索,建筑与设施 / 建筑结构 / 梁与拉索,建筑与土木 / 结构工程 / 承重构件,,,对象类型或专名,,
2-119,2,曲奇模具,器具与设备 / 餐厨与日用器具 / 模具,食品与饮食 / 烘焙 / 烘焙工具,,,对象类型或专名,,
2-120,2,曲臂式升降平台,器具与设备 / 机械与作业设备 / 升降与顶升设备,工程与技术 / 工程机械 / 升降与顶升,,,对象类型或专名,,
2-121,2,月饼,食物与食材 / 糕点与甜品 / 月饼,食品与饮食 / 糕点与甜品 / 月饼,历史与文化 / 饮食民俗 / 中秋饮食,月饼,对象类型或专名,,
2-122,2,木板索桥,建筑与设施 / 桥梁 / 悬索桥,建筑与土木 / 桥梁工程 / 悬索桥,,,对象类型或专名,,
2-123,2,松果,植物 / 植物部位 / 球果种子与附属组织,生命科学 / 植物形态 / 球果种子与附属组织,,球果,植物部位,,
2-124,2,极乐鸟温室,活动与场景 / 农业与园艺场景 / 温室,农业与园艺 / 设施园艺 / 温室,农业与园艺 / 观赏园艺 / 草本花卉,极乐鸟植物；温室,动作或场景,,按温室场景主归类；植物名称作为主题。
2-125,2,极乐鸟花束,艺术与装饰品 / 花艺 / 花束,农业与园艺 / 观赏园艺 / 花艺,农业与园艺 / 观赏园艺 / 草本花卉,极乐鸟植物；花束,对象类型或专名,,
2-126,2,架子鼓,器具与设备 / 乐器 / 打击乐器,艺术与传播 / 音乐 / 打击乐器,,,对象类型或专名,,
2-127,2,标枪,器具与设备 / 体育器材 / 投掷与击剑器材,体育与休闲 / 竞技体育 / 田径与击剑,,,对象类型或专名,,
2-128,2,椰子,植物 / 木本植物 / 果树,农业与园艺 / 作物栽培 / 果树作物,,,生物名称,,
2-129,2,横头锤,器具与设备 / 手工工具 / 锤斧与敲击工具,工程与技术 / 机械工具 / 敲击与劈砍工具,,,对象类型或专名,,
2-130,2,水波蛋配英式玛芬,食物与食材 / 菜肴 / 蛋类组合菜肴,食品与饮食 / 菜肴 / 班尼迪克蛋与相关菜肴,,,对象类型或专名,,
2-131,2,汤圆,食物与食材 / 米面食品 / 汤圆,食品与饮食 / 米面食品 / 汤圆,历史与文化 / 饮食民俗 / 节日食品,汤圆,对象类型或专名,,
2-132,2,注意行人标志,图像与标识 / 公共标志 / 警告标志,生活与社会 / 公共安全 / 警告标志,,,图像、标志或结构表示,,
2-133,2,流心月饼,食物与食材 / 糕点与甜品 / 月饼,食品与饮食 / 糕点与甜品 / 月饼,历史与文化 / 饮食民俗 / 中秋饮食,月饼,对象类型或专名,,
2-134,2,海底峡谷,自然环境与物质 / 地形与地貌 / 海底地貌,地球与环境 / 海洋科学 / 海底地貌,,,对象类型或专名,,
2-135,2,海马,动物 / 鱼类 / 海水鱼类,生命科学 / 鱼类学 / 海水鱼类,,,属级类群：海马属,,原名保留；上层分类细化不等于该概念已经精确到物种。
2-136,2,消防设施标志,图像与标识 / 公共标志 / 消防标志,生活与社会 / 公共安全 / 消防标志,,,图像、标志或结构表示,,
2-137,2,液压起重机,器具与设备 / 机械与作业设备 / 起重设备,工程与技术 / 工程机械 / 起重与提升,,,对象类型或专名,,
2-138,2,港口防波堤,建筑与设施 / 交通与水工设施 / 防波堤,建筑与土木 / 水工工程 / 港口工程,,,对象类型或专名,,
2-139,2,滑铁卢桥,建筑与设施 / 桥梁 / 梁桥,建筑与土木 / 桥梁案例 / 海外桥梁,建筑与土木 / 桥梁工程 / 梁桥,具名桥梁,具名实体,暂按伦敦现桥及悬臂箱梁结构归类；需确认素材不是旧桥。Historic England 的档案图注与名录存在结构表述差别。,箱梁依据见 references.json；知识库保留具名桥梁入口。
2-140,2,满族旗装,服饰与造型 / 服装 / 传统与民族服装,历史与文化 / 服饰文化 / 传统与民族服饰,,,对象类型或专名,,
2-141,2,火腿班尼迪克蛋,食物与食材 / 菜肴 / 蛋类组合菜肴,食品与饮食 / 菜肴 / 班尼迪克蛋与相关菜肴,,,对象类型或专名,,
2-142,2,烟草种植,活动与场景 / 农业与园艺场景 / 农田与种植,农业与园艺 / 农业生产 / 作物种植,农业与园艺 / 作物栽培 / 经济作物,烟草；种植,动作或场景,,
2-143,2,牛油果,植物 / 木本植物 / 果树,农业与园艺 / 作物栽培 / 果树作物,,,生物名称,,
2-144,2,物料提升机,器具与设备 / 机械与作业设备 / 起重设备,工程与技术 / 工程机械 / 起重与提升,,,对象类型或专名,,
2-145,2,王莲,植物 / 草本与藤本植物 / 水生与湿地植物,生命科学 / 植物学 / 水生与湿地植物,,,属级通名：王莲类,,原名保留；上层分类细化不等于该概念已经精确到物种。
2-146,2,玻璃吊桥,建筑与设施 / 桥梁 / 悬索桥,建筑与土木 / 桥梁工程 / 悬索桥,,,对象类型或专名,“玻璃吊桥”以悬索桥暂归类；若“吊桥”仅是景区俗称，需由原图核对承重结构。,
2-147,2,瑞士甜菜,植物 / 草本与藤本植物 / 蔬菜与豆类植物,农业与园艺 / 作物栽培 / 蔬菜与豆类作物,,瑞士甜菜,生物名称,,视觉与农业用途按蔬菜归类，不沿用原表可能出现的十字花科关联。
2-148,2,甜椒瓤馅,食物与食材 / 菜肴 / 酿蔬菜与叶包菜肴,食品与饮食 / 烹饪技法 / 包裹与填馅,,,对象类型或专名,,
2-149,2,甲烷结构式,图像与标识 / 科学与信息图示 / 化学结构图与模型,数学与自然科学 / 化学 / 分子结构表示,,甲烷；结构式,图像、标志或结构表示,,
2-150,2,电磁起重机,器具与设备 / 机械与作业设备 / 起重设备,工程与技术 / 工程机械 / 起重与提升,,,对象类型或专名,,
2-151,2,白瓷观音像,艺术与装饰品 / 雕塑与塑像 / 人物塑像,历史与文化 / 宗教文化 / 佛教造像,艺术与传播 / 视觉艺术 / 雕塑,陶瓷；观音,对象类型或专名,,
2-152,2,直柄柱洞挖掘器,器具与设备 / 手工工具 / 挖掘工具,农业与园艺 / 农林装备 / 园艺工具,,,对象类型或专名,,
2-153,2,石刁柏的嫩茎,植物 / 植物部位 / 根与茎,农业与园艺 / 作物与产品 / 蔬菜产品,生命科学 / 植物形态 / 根与茎,石刁柏；嫩茎,植物部位,,
2-154,2,石榴,植物 / 木本植物 / 果树,农业与园艺 / 作物栽培 / 果树作物,,,生物名称,,
2-155,2,石榴假种皮,植物 / 植物部位 / 球果种子与附属组织,生命科学 / 植物形态 / 球果种子与附属组织,,假种皮,植物部位,,植物部位概念，物种信息应与“假种皮”这一部位分开保存。
2-156,2,神圣罗马帝国皇冠,服饰与造型 / 佩戴饰品 / 冠饰,历史与文化 / 考古与文物 / 礼仪与权力象征,生活与社会 / 服饰饰品 / 冠饰,皇冠；历史文物,对象类型或专名,,
2-157,2,禁止右转标志,图像与标识 / 公共标志 / 禁止标志,生活与社会 / 公共规则 / 禁止标志,,,图像、标志或结构表示,,
2-158,2,移动式C臂X光机,器具与设备 / 医学与实验设备 / X射线与CT设备,医学与健康 / 医学影像 / X射线与CT,,C臂；X射线；移动式,对象类型或专名,,
2-159,2,移动空调,器具与设备 / 环境调节设备 / 空调,工程与技术 / 暖通与制冷 / 空调系统,,,对象类型或专名,,
2-160,2,立式柜机空调,器具与设备 / 环境调节设备 / 空调,工程与技术 / 暖通与制冷 / 空调系统,,,对象类型或专名,,
2-161,2,立方水母,动物 / 其他无脊椎动物 / 刺胞动物,生命科学 / 动物学 / 刺胞动物,,,纲级类群：立方水母类,,原名保留；上层分类细化不等于该概念已经精确到物种。
2-162,2,管子,器具与设备 / 机械零部件 / 管件,工程与技术 / 机械工程 / 管道与连接件,,,对象类型或专名,“管子”可能是管件，也可能是中国吹管乐器；暂按管件，需原图或原始定义确认。,
2-163,2,糍粑,食物与食材 / 米面食品 / 糕团,食品与饮食 / 米面食品 / 糕团,,,对象类型或专名,,
2-164,2,糖火烧,食物与食材 / 米面食品 / 烧饼,食品与饮食 / 米面食品 / 烧饼,,,对象类型或专名,,
2-165,2,红豆杉假种皮,植物 / 植物部位 / 球果种子与附属组织,生命科学 / 植物形态 / 球果种子与附属组织,,假种皮,植物部位,,植物部位概念，物种信息应与“假种皮”这一部位分开保存。
2-166,2,绳辫,服饰与造型 / 发型 / 编发,生活与社会 / 美容造型 / 发型,,,对象类型或专名,,
2-167,2,维斯塔神庙,建筑与设施 / 宗教建筑 / 寺庙与神庙,历史与文化 / 宗教文化 / 寺庙与神庙,,,对象类型或专名,,
2-168,2,美洲豹雨林,动物 / 哺乳动物 / 猫科动物,生命科学 / 动物学 / 哺乳动物,地球与环境 / 生态系统 / 热带雨林,美洲豹；雨林,生物名称＋生境,“美洲豹雨林”可能以动物或雨林场景为主体；目前按美洲豹为主体。,
2-169,2,肉酱千层面,食物与食材 / 米面食品 / 面条与意面,食品与饮食 / 米面食品 / 面条与意面,,,对象类型或专名,,
2-170,2,胜利之吻,图像与标识 / 艺术图像 / 摄影作品,艺术与传播 / 摄影 / 摄影作品,,,图像、标志或结构表示,“胜利之吻”可能指摄影作品或据此制作的雕塑；暂按摄影作品。,
2-171,2,自行车道标线,图像与标识 / 道路标线 / 路面标记,交通与航天 / 道路交通 / 交通标线,,,图像、标志或结构表示,,
2-172,2,船行波,自然环境与物质 / 水文与海洋现象 / 水面波浪,地球与环境 / 流体与海洋现象 / 船行波,,,对象类型或专名,,
2-173,2,芋头糕,食物与食材 / 米面食品 / 糕团,食品与饮食 / 米面食品 / 糕团,,,对象类型或专名,,
2-174,2,芋头酥,食物与食材 / 糕点与甜品 / 酥点与起酥糕点,食品与饮食 / 烘焙 / 酥点与起酥糕点,,,对象类型或专名,,
2-175,2,芦笋,植物 / 草本与藤本植物 / 蔬菜与豆类植物,农业与园艺 / 作物栽培 / 蔬菜与豆类作物,,,生物名称,,
2-176,2,花生汤圆,食物与食材 / 米面食品 / 汤圆,食品与饮食 / 米面食品 / 汤圆,历史与文化 / 饮食民俗 / 节日食品,汤圆,对象类型或专名,,
2-177,2,苦瓜,植物 / 草本与藤本植物 / 蔬菜与豆类植物,农业与园艺 / 作物栽培 / 蔬菜与豆类作物,,,生物名称,,
2-178,2,荔枝,植物 / 木本植物 / 果树,农业与园艺 / 作物栽培 / 果树作物,,,生物名称,,
2-179,2,荷兰辫,服饰与造型 / 发型 / 编发,生活与社会 / 美容造型 / 发型,,,对象类型或专名,,
2-180,2,荷塘,活动与场景 / 水域与植被场景 / 荷塘,农业与园艺 / 景观园艺 / 水景植物配置,生命科学 / 植物学 / 水生与湿地植物,荷花；池塘,动作或场景,,
2-181,2,荷花的种子,植物 / 植物部位 / 球果种子与附属组织,生命科学 / 植物形态 / 球果种子与附属组织,,荷花；种子,植物部位,,
2-182,2,菠菜班尼迪克蛋,食物与食材 / 菜肴 / 蛋类组合菜肴,食品与饮食 / 菜肴 / 班尼迪克蛋与相关菜肴,,,对象类型或专名,,
2-183,2,葡萄叶酿肉卷,食物与食材 / 菜肴 / 酿蔬菜与叶包菜肴,食品与饮食 / 烹饪技法 / 包裹与填馅,,,对象类型或专名,,
2-184,2,蚕豆,植物 / 草本与藤本植物 / 蔬菜与豆类植物,农业与园艺 / 作物栽培 / 蔬菜与豆类作物,,,生物名称,,
2-185,2,蛇瓜,植物 / 草本与藤本植物 / 蔬菜与豆类植物,农业与园艺 / 作物栽培 / 蔬菜与豆类作物,,,生物名称,,
2-186,2,蛋黄月饼,食物与食材 / 糕点与甜品 / 月饼,食品与饮食 / 糕点与甜品 / 月饼,历史与文化 / 饮食民俗 / 中秋饮食,月饼,对象类型或专名,,
2-187,2,蛋黄酥,食物与食材 / 糕点与甜品 / 酥点与起酥糕点,食品与饮食 / 烘焙 / 酥点与起酥糕点,,,对象类型或专名,,
2-188,2,蜘蛛式升降机,器具与设备 / 机械与作业设备 / 升降与顶升设备,工程与技术 / 工程机械 / 升降与顶升,,,对象类型或专名,,
2-189,2,蟹壳黄,食物与食材 / 米面食品 / 烧饼,食品与饮食 / 米面食品 / 烧饼,,,对象类型或专名,,
2-190,2,襦裙,服饰与造型 / 服装 / 传统与民族服装,历史与文化 / 服饰文化 / 传统与民族服饰,,,对象类型或专名,,
2-191,2,西葫芦瓤馅,食物与食材 / 菜肴 / 酿蔬菜与叶包菜肴,食品与饮食 / 烹饪技法 / 包裹与填馅,,,对象类型或专名,,
2-192,2,西西里厚底披萨,食物与食材 / 米面食品 / 披萨,食品与饮食 / 米面食品 / 披萨,,,对象类型或专名,,
2-193,2,覆钵式塔,建筑与设施 / 建筑与建筑群 / 塔,历史与文化 / 建筑遗产 / 塔,,,对象类型或专名,,
2-194,2,货机尾舱门,交通工具 / 交通工具部件 / 机翼与机体部件,交通与航天 / 航空工程 / 机体结构,,,对象类型或专名,,
2-195,2,贴头辫,服饰与造型 / 发型 / 编发,生活与社会 / 美容造型 / 发型,,,对象类型或专名,,
2-196,2,跨河钢桁架桥,建筑与设施 / 桥梁 / 桁架桥,建筑与土木 / 桥梁工程 / 桁架桥,,,对象类型或专名,,
2-197,2,迈锡尼遗址,建筑与设施 / 遗址 / 建筑与聚落遗址,历史与文化 / 考古遗址 / 建筑与聚落遗址,,,对象类型或专名,,
2-198,2,退思园,建筑与设施 / 建筑与建筑群 / 园林,历史与文化 / 建筑遗产 / 园林,,,对象类型或专名,,
2-199,2,金枪鱼刺身,食物与食材 / 菜肴 / 刺身,食品与饮食 / 烹饪技法 / 刺身,食品与饮食 / 食材 / 鱼类食材,鱼类食材,对象类型或专名,,已加工菜肴，不按活体动物主分类。
2-200,2,钢桁梁桥,建筑与设施 / 桥梁 / 桁架桥,建筑与土木 / 桥梁工程 / 桁架桥,,,对象类型或专名,,
2-201,2,钢索吊桥,建筑与设施 / 桥梁 / 悬索桥,建筑与土木 / 桥梁工程 / 悬索桥,,,对象类型或专名,,
2-202,2,钳工锤,器具与设备 / 手工工具 / 锤斧与敲击工具,工程与技术 / 机械工具 / 敲击与劈砍工具,,,对象类型或专名,,
2-203,2,银杏果,食物与食材 / 植物性食材 / 坚果仁与种仁,食品与饮食 / 食材 / 坚果与种仁,生命科学 / 植物形态 / 种子,银杏；食材,对象类型或专名,,按常见食材语境归类；保留“银杏果”原名，不把俗称解释为植物学果实。
2-204,2,银耳,真菌 / 大型真菌 / 胶质真菌,生命科学 / 真菌学 / 大型真菌,食品与饮食 / 食材 / 食用菌,食用菌,生物名称,,原名未指定干制或烹调状态，视觉主归真菌。
2-205,2,锹甲,动物 / 节肢动物 / 甲虫类,生命科学 / 昆虫学 / 甲虫类,,,科级类群：锹甲科,,原名保留；上层分类细化不等于该概念已经精确到物种。
2-206,2,闪电泡芙,食物与食材 / 糕点与甜品 / 泡芙,食品与饮食 / 烘焙 / 泡芙,,,对象类型或专名,,
2-207,2,阿波罗与达芙妮（贝尼尼）,艺术与装饰品 / 雕塑与塑像 / 人物塑像,艺术与传播 / 视觉艺术 / 雕塑,,,对象类型或专名,,
2-208,2,雪纳瑞犬,动物 / 哺乳动物 / 犬类,农业与园艺 / 动物饲养 / 犬品种,生命科学 / 动物学 / 哺乳动物,犬；雪纳瑞,家养品种,,
2-209,2,雪豹幼崽,动物 / 哺乳动物 / 猫科动物,生命科学 / 动物学 / 哺乳动物,生命科学 / 发育生物学 / 幼体与生长,雪豹；幼体,生物名称＋年龄阶段,,
2-210,2,风筝冲浪竞速,活动与场景 / 体育活动 / 水上运动,体育与休闲 / 水上运动 / 风筝冲浪,,,动作或场景,,
2-211,2,首尔德寿宫,建筑与设施 / 建筑与建筑群 / 宫殿,历史与文化 / 建筑遗产 / 宫殿,,,对象类型或专名,,
2-212,2,香蒲,植物 / 草本与藤本植物 / 水生与湿地植物,生命科学 / 植物学 / 水生与湿地植物,,,生物名称,,
2-213,2,马丘比丘梯田遗址,建筑与设施 / 遗址 / 建筑与聚落遗址,历史与文化 / 考古遗址 / 建筑与聚落遗址,,,对象类型或专名,,
2-214,2,马天尼杯,器具与设备 / 餐厨与日用器具 / 杯具,食品与饮食 / 饮品文化 / 酒杯,,,对象类型或专名,,
2-215,2,马眼形切割钻石,自然环境与物质 / 矿物与宝石 / 切割钻石,工程与技术 / 宝石加工 / 钻石切工,,,对象类型或专名,,
2-216,2,驼蛛,动物 / 节肢动物 / 蛛形动物,生命科学 / 动物学 / 蛛形动物,,,目级类群：避日目,,原名保留；上层分类细化不等于该概念已经精确到物种。
2-217,2,高山滑雪比赛,活动与场景 / 体育活动 / 滑雪,体育与休闲 / 冰雪运动 / 滑雪,,,动作或场景,,
2-218,2,鹰嘴豆,植物 / 草本与藤本植物 / 蔬菜与豆类植物,农业与园艺 / 作物栽培 / 蔬菜与豆类作物,,,生物名称,,
2-219,2,黄油刀,器具与设备 / 餐厨与日用器具 / 刀具,食品与饮食 / 烹饪器具 / 刀具,,,对象类型或专名,,
2-220,2,黑猩猩,动物 / 哺乳动物 / 灵长类动物,生命科学 / 动物学 / 哺乳动物,,,生物名称,,
2-221,2,齐腰襦裙,服饰与造型 / 服装 / 传统与民族服装,历史与文化 / 服饰文化 / 传统与民族服饰,,,对象类型或专名,,
2-222,2,齿轮,器具与设备 / 机械零部件 / 齿轮与传动件,工程与技术 / 机械工程 / 机械传动,,,对象类型或专名,,
2-223,2,龙灯,艺术与装饰品 / 工艺品 / 灯彩,历史与文化 / 民俗文化 / 节庆灯彩,,,对象类型或专名,,
2-224,2,龙眼,植物 / 木本植物 / 果树,农业与园艺 / 作物栽培 / 果树作物,,,生物名称,,
2-225,2,龙舟,交通工具 / 水上交通工具 / 龙舟,体育与休闲 / 水上运动 / 龙舟,历史与文化 / 民俗文化 / 端午习俗,龙舟,对象类型或专名,,
3-001,3,88式狙击步枪,器具与设备 / 武器与防护装备 / 枪械,军事与防务 / 武器装备 / 轻武器,,,对象类型或专名,,
3-002,3,American Alligator,动物 / 爬行动物 / 鳄类,生命科学 / 动物学 / 爬行动物,,,生物名称,,
3-003,3,Araneus Diadematus,动物 / 节肢动物 / 蛛形动物,生命科学 / 动物学 / 蛛形动物,,,种级学名（名称粒度）,,
3-004,3,B-17 空中堡垒轰炸机,交通工具 / 航空器 / 固定翼飞机,军事与防务 / 空军装备 / 军用航空器,交通与航天 / 航空 / 飞机机型,军用,对象类型或专名,,
3-005,3,Black-winged Stilt,动物 / 鸟类 / 鸻鹬类,生命科学 / 鸟类学 / 鸻鹬类,,,生物名称,,
3-006,3,Blue-winged Kookaburra,动物 / 鸟类 / 翠鸟类,生命科学 / 鸟类学 / 翠鸟类,,,生物名称,,
3-007,3,Boeing 747-400f,交通工具 / 航空器 / 固定翼飞机,交通与航天 / 航空运输 / 货运航空器,交通与航天 / 航空 / 飞机机型,货运,对象类型或专名,,
3-008,3,Brig Vessel,交通工具 / 水上交通工具 / 帆船,交通与航天 / 航海 / 帆船,,,对象类型或专名,,
3-009,3,C-130 Hercules,交通工具 / 航空器 / 固定翼飞机,军事与防务 / 空军装备 / 军用航空器,交通与航天 / 航空 / 飞机机型,军用,对象类型或专名,,
3-010,3,Diamondback Rattlesnake,动物 / 爬行动物 / 蛇类,生命科学 / 动物学 / 爬行动物,,,包含多个物种的通名,,原名保留；上层分类细化不等于该概念已经精确到物种。
3-011,3,DNA双螺旋结构式,图像与标识 / 科学与信息图示 / 生物分子结构图,生命科学 / 遗传学 / DNA结构,生命科学 / 分子生物学 / 生物大分子结构,DNA；结构图,图像、标志或结构表示,,
3-012,3,Echeveria Derenbergii,植物 / 多肉与肉质植物 / 叶多肉植物,农业与园艺 / 观赏园艺 / 多肉植物,,,种级学名（名称粒度）,,
3-013,3,Egretta Tricolor,动物 / 鸟类 / 鹭类,生命科学 / 鸟类学 / 鹭类,,,种级学名（名称粒度）,,
3-014,3,Elliot's Pheasant,动物 / 鸟类 / 鸡雉类,生命科学 / 鸟类学 / 鸡雉类,,,生物名称,,
3-015,3,Fritillaria Imperialis 'Rubra',植物 / 草本与藤本植物 / 观花与观叶草本,农业与园艺 / 观赏园艺 / 草本花卉,,Rubra,栽培品种名,,单引号部分为栽培品种名称；它不是一个新增物种。
3-016,3,Galantine,食物与食材 / 菜肴 / 肉冻与冷肉菜肴,食品与饮食 / 烹饪技法 / 肉冻与冷肉制作,,,对象类型或专名,,
3-017,3,Great Cormorant,动物 / 鸟类 / 鸬鹚类,生命科学 / 鸟类学 / 鸬鹚类,,,生物名称,,
3-018,3,Human Anatomy Chart,图像与标识 / 科学与信息图示 / 人体解剖图,医学与健康 / 人体解剖 / 解剖图谱,艺术与传播 / 信息设计 / 科学插图,人体解剖；图示,图像、标志或结构表示,,
3-019,3,Indian Pitta,动物 / 鸟类 / 雀形目鸟类,生命科学 / 鸟类学 / 雀形目鸟类,,,生物名称,,
3-020,3,Indian Turnip,植物 / 草本与藤本植物 / 观花与观叶草本,农业与园艺 / 观赏园艺 / 草本花卉,,,生物名称,英文俗名 Indian Turnip 需用学名确认，当前仅作草本植物导航。,
3-021,3,Kniphofia Caulescens,植物 / 草本与藤本植物 / 观花与观叶草本,农业与园艺 / 观赏园艺 / 草本花卉,,,种级学名（名称粒度）,,
3-022,3,Lapwing,动物 / 鸟类 / 鸻鹬类,生命科学 / 鸟类学 / 鸻鹬类,,,多物种类群通名,,原名保留；上层分类细化不等于该概念已经精确到物种。
3-023,3,Laser Eye Surgery,活动与场景 / 医疗操作 / 手术,医学与健康 / 手术治疗 / 眼科手术,,,动作或场景,,
3-024,3,Lateen Boat,交通工具 / 水上交通工具 / 帆船,交通与航天 / 航海 / 帆船,,,对象类型或专名,,
3-025,3,Leptinotarsa Decemlineata,动物 / 节肢动物 / 甲虫类,生命科学 / 昆虫学 / 甲虫类,,,种级学名（名称粒度）,,
3-026,3,M16 步枪,器具与设备 / 武器与防护装备 / 枪械,军事与防务 / 武器装备 / 轻武器,,,对象类型或专名,,
3-027,3,Malabar Pied Hornbill,动物 / 鸟类 / 犀鸟与地犀鸟,生命科学 / 鸟类学 / 犀鸟与地犀鸟,,,生物名称,,
3-028,3,McDonnell Douglas Md-11f,交通工具 / 航空器 / 固定翼飞机,交通与航天 / 航空运输 / 货运航空器,交通与航天 / 航空 / 飞机机型,货运,对象类型或专名,,
3-029,3,Narcissus Tazetta,植物 / 草本与藤本植物 / 观花与观叶草本,农业与园艺 / 观赏园艺 / 草本花卉,,,种级学名（名称粒度）,,
3-030,3,Nelumbo Lutea,植物 / 草本与藤本植物 / 水生与湿地植物,生命科学 / 植物学 / 水生与湿地植物,,,种级学名（名称粒度）,,
3-031,3,Nicotiana Sylvestris,植物 / 草本与藤本植物 / 观花与观叶草本,农业与园艺 / 观赏园艺 / 草本花卉,,,种级学名（名称粒度）,,
3-032,3,Nikon Fm2,器具与设备 / 摄影器材 / 胶片相机,艺术与传播 / 摄影 / 摄影器材,,,对象类型或专名,,
3-033,3,Ophiocordyceps Sinensis,真菌 / 虫生真菌 / 虫草类真菌,生命科学 / 真菌学 / 虫生真菌,,,种级学名（名称粒度）,,
3-034,3,Pike,动物 / 鱼类 / 淡水鱼类,生命科学 / 鱼类学 / 淡水鱼类,,,属级或多物种通名,,原名保留；上层分类细化不等于该概念已经精确到物种。
3-035,3,Proso Millet,植物 / 草本与藤本植物 / 禾谷植物,农业与园艺 / 作物栽培 / 谷物作物,,,生物名称,,
3-036,3,Protein Structure,图像与标识 / 科学与信息图示 / 生物分子结构图,生命科学 / 分子生物学 / 生物大分子结构,,,结构概念／图示,原名未指定具体蛋白质或呈现形式；当前保留在分子结构图示入口。,
3-037,3,Quaker Parrot,动物 / 鸟类 / 鹦鹉类,生命科学 / 鸟类学 / 鹦鹉类,,,生物名称,,
3-038,3,Rhamphorhynchus,动物 / 古生物及其遗存 / 翼龙及其遗存,生命科学 / 古生物学 / 翼龙,,,属级类群：喙嘴翼龙属,,原名保留；上层分类细化不等于该概念已经精确到物种。
3-039,3,Rib Cage Anatomy,图像与标识 / 科学与信息图示 / 人体解剖图,医学与健康 / 人体解剖 / 解剖图谱,,胸廓；解剖图,图像、标志或结构表示,暂按解剖图归类；若素材为真实骨骼标本，应改用人体结构入口。,
3-040,3,Rockhopper Penguin,动物 / 鸟类 / 企鹅类,生命科学 / 鸟类学 / 企鹅类,,,包含多个物种的通名,,原名保留；上层分类细化不等于该概念已经精确到物种。
3-041,3,Russula Virescens,真菌 / 大型真菌 / 伞状真菌,生命科学 / 真菌学 / 大型真菌,,,种级学名（名称粒度）,,
3-042,3,SACH Foot,器具与设备 / 康复辅助器具 / 假肢,医学与健康 / 康复医学 / 假肢与矫形,,,对象类型或专名,,
3-043,3,Shelduck,动物 / 鸟类 / 鸭雁类,生命科学 / 鸟类学 / 鸭雁类,,,通名，需学名定种,,原名保留；上层分类细化不等于该概念已经精确到物种。
3-044,3,Silver Langur,动物 / 哺乳动物 / 灵长类动物,生命科学 / 动物学 / 哺乳动物,,,生物名称,,
3-045,3,Southern Ground Hornbill,动物 / 鸟类 / 犀鸟与地犀鸟,生命科学 / 鸟类学 / 犀鸟与地犀鸟,,,生物名称,,
3-046,3,Spanish Sparrow,动物 / 鸟类 / 雀形目鸟类,生命科学 / 鸟类学 / 雀形目鸟类,,,生物名称,,
3-047,3,Structural Formula,图像与标识 / 科学与信息图示 / 化学结构图与模型,数学与自然科学 / 化学 / 分子结构表示,,,图像、标志或结构表示,,
3-048,3,T-90坦克,交通工具 / 陆地车辆 / 装甲战斗车辆,军事与防务 / 陆军装备 / 装甲车辆,,,对象类型或专名,,
3-049,3,Temporal Artery Thermometer,器具与设备 / 医学与实验设备 / 体温测量设备,医学与健康 / 临床检查 / 体温监测,,,对象类型或专名,,
3-050,3,Theobroma Grandiflorum,植物 / 木本植物 / 果树,农业与园艺 / 作物栽培 / 果树作物,,,种级学名（名称粒度）,,
3-051,3,Tobacco Hornworm Eating,动物 / 节肢动物 / 蝶蛾及其幼虫,生命科学 / 昆虫学 / 蝶蛾类,生命科学 / 动物行为 / 觅食行为,蛾类幼虫；进食,生物名称＋阶段与行为,需核对英文俗名对应的物种；不把“幼虫”另建成与昆虫并列的动物大类。,
3-052,3,Topsail Schooner Ship,交通工具 / 水上交通工具 / 帆船,交通与航天 / 航海 / 帆船,,,对象类型或专名,,
3-053,3,Triceratops Mount,动物 / 古生物及其遗存 / 恐龙及其遗存,生命科学 / 古生物学 / 恐龙,,标本或遗存,古生物类群＋标本或遗存,,
3-054,3,Vintage Small Two-Masted Cargo Schooner,交通工具 / 水上交通工具 / 帆船,交通与航天 / 航海 / 帆船,,,对象类型或专名,,
3-055,3,Yellow-bellied Sapsucker,动物 / 鸟类 / 啄木鸟与拟啄木鸟,生命科学 / 鸟类学 / 啄木鸟与拟啄木鸟,,,生物名称,,
3-056,3,Yew Longbow,器具与设备 / 武器与防护装备 / 弓弩与投掷武器,军事与防务 / 武器装备 / 冷兵器,,,对象类型或专名,,
3-057,3,三号突击炮,交通工具 / 陆地车辆 / 装甲战斗车辆,军事与防务 / 陆军装备 / 装甲车辆,,,对象类型或专名,,
3-058,3,三角龙化石,动物 / 古生物及其遗存 / 恐龙及其遗存,生命科学 / 古生物学 / 恐龙,,标本或遗存,古生物类群＋标本或遗存,,
3-059,3,丘陵埃克斯穆尔马,动物 / 哺乳动物 / 马类,农业与园艺 / 动物饲养 / 马品种,生命科学 / 动物学 / 哺乳动物,马；埃克斯穆尔,家养品种,原名含“丘陵”修饰，需确认是品种描述还是场景描述。,
3-060,3,中世纪胸甲,器具与设备 / 武器与防护装备 / 护甲,军事与防务 / 武器装备 / 个人防护装备,,,对象类型或专名,,
3-061,3,中国鹅白色,动物 / 鸟类 / 鸭雁类,农业与园艺 / 动物饲养 / 家禽品种,生命科学 / 鸟类学 / 鸭雁类,家鹅；白色,家养品种／品系＋颜色,,
3-062,3,中央空调,器具与设备 / 环境调节设备 / 空调,工程与技术 / 暖通与制冷 / 空调系统,,,对象类型或专名,,
3-063,3,丹参,植物 / 草本与藤本植物 / 芳香与药用草本,农业与园艺 / 特色植物 / 药用与芳香植物,,,生物名称,,
3-064,3,二棱大麦,植物 / 草本与藤本植物 / 禾谷植物,农业与园艺 / 作物栽培 / 谷物作物,,大麦；二棱,作物类型,,描述大麦的穗型／栽培类型，不当作新增物种。
3-065,3,五棱散尾鬼笔,真菌 / 大型真菌 / 鬼笔类真菌,生命科学 / 真菌学 / 鬼笔类真菌,,,生物名称,,
3-066,3,俄亥俄级核潜艇,交通工具 / 水上交通工具 / 军舰与潜艇,军事与防务 / 海军装备 / 军舰与潜艇,,,对象类型或专名,,
3-067,3,偏光显微镜,器具与设备 / 医学与实验设备 / 显微镜,生命科学 / 实验技术 / 显微成像,地球与环境 / 地质分析 / 偏光显微观察,偏光显微镜,对象类型或专名,,仪器可跨生命科学与地质材料领域使用；主归实验成像，增加地质入口。
3-068,3,兜状荷包牡丹的根,植物 / 植物部位 / 根与茎,生命科学 / 植物形态 / 根与茎,农业与园艺 / 观赏园艺 / 草本花卉,兜状荷包牡丹；根,植物部位,,
3-069,3,共聚焦显微镜,器具与设备 / 医学与实验设备 / 显微镜,生命科学 / 实验技术 / 显微成像,,共聚焦显微镜,对象类型或专名,,
3-070,3,再力花植株,植物 / 草本与藤本植物 / 水生与湿地植物,生命科学 / 植物学 / 水生与湿地植物,,,生物名称,,
3-071,3,冠花贝母的花,植物 / 植物部位 / 花与花序,生命科学 / 植物形态 / 花与花序,农业与园艺 / 观赏园艺 / 草本花卉,冠花贝母；花,植物部位,,
3-072,3,凹嘴鹳,动物 / 鸟类 / 鹳类,生命科学 / 鸟类学 / 鹳类,,,生物名称,,
3-073,3,刺参,动物 / 其他无脊椎动物 / 棘皮动物,生命科学 / 动物学 / 棘皮动物,,,生物名称,,
3-074,3,加岛企鹅,动物 / 鸟类 / 企鹅类,生命科学 / 鸟类学 / 企鹅类,,,生物名称,,
3-075,3,动态血压计,器具与设备 / 医学与实验设备 / 血压测量设备,医学与健康 / 临床检查 / 血压监测,,,对象类型或专名,,
3-076,3,卫矛假种皮,植物 / 植物部位 / 球果种子与附属组织,生命科学 / 植物形态 / 球果种子与附属组织,,假种皮,植物部位,,植物部位概念，物种信息应与“假种皮”这一部位分开保存。
3-077,3,卷毛金丝雀,动物 / 鸟类 / 雀形目鸟类,农业与园艺 / 动物饲养 / 观赏鸟品种,生命科学 / 鸟类学 / 雀形目鸟类,金丝雀；卷羽品种,家养品种,,
3-078,3,卷缘齿菌,真菌 / 大型真菌 / 齿状及珊瑚状真菌,生命科学 / 真菌学 / 大型真菌,,,生物名称,,
3-079,3,双垂食火鸡,动物 / 鸟类 / 鸸鹋与食火鸡,生命科学 / 鸟类学 / 鸸鹋与食火鸡,,,生物名称,,
3-080,3,古巴鳄,动物 / 爬行动物 / 鳄类,生命科学 / 动物学 / 爬行动物,,,生物名称,,
3-081,3,叩甲,动物 / 节肢动物 / 甲虫类,生命科学 / 昆虫学 / 甲虫类,,,科级类群：叩甲科,,原名保留；上层分类细化不等于该概念已经精确到物种。
3-082,3,可变后掠翼,交通工具 / 交通工具部件 / 机翼与机体部件,交通与航天 / 航空工程 / 机体结构,,,对象类型或专名,,
3-083,3,可可花,植物 / 植物部位 / 花与花序,生命科学 / 植物形态 / 花与花序,农业与园艺 / 作物栽培 / 经济作物,可可；花,植物部位,,
3-084,3,台风眼墙,自然环境与物质 / 天气现象 / 热带气旋,地球与环境 / 气象学 / 热带气旋,,,对象类型或专名,,
3-085,3,唐冠螺,动物 / 其他无脊椎动物 / 软体动物,生命科学 / 动物学 / 软体动物,,,生物名称,,
3-086,3,图-160 海盗旗战略轰炸机,交通工具 / 航空器 / 固定翼飞机,军事与防务 / 空军装备 / 军用航空器,交通与航天 / 航空 / 飞机机型,军用,对象类型或专名,,
3-087,3,图-95 熊式战略轰炸机,交通工具 / 航空器 / 固定翼飞机,军事与防务 / 空军装备 / 军用航空器,交通与航天 / 航空 / 飞机机型,军用,对象类型或专名,,
3-088,3,多桅纵帆船,交通工具 / 水上交通工具 / 帆船,交通与航天 / 航海 / 帆船,,,对象类型或专名,,
3-089,3,多联机空调,器具与设备 / 环境调节设备 / 空调,工程与技术 / 暖通与制冷 / 空调系统,,,对象类型或专名,,
3-090,3,大拟啄木鸟,动物 / 鸟类 / 啄木鸟与拟啄木鸟,生命科学 / 鸟类学 / 啄木鸟与拟啄木鸟,,,生物名称,,
3-091,3,女王凤凰螺,动物 / 其他无脊椎动物 / 软体动物,生命科学 / 动物学 / 软体动物,,,生物名称,,
3-092,3,威尔逊瓣蹼鹬,动物 / 鸟类 / 鸻鹬类,生命科学 / 鸟类学 / 鸻鹬类,,,生物名称,,
3-093,3,宽吻凯门鳄,动物 / 爬行动物 / 鳄类,生命科学 / 动物学 / 爬行动物,,,生物名称,,
3-094,3,密苏里号战列舰,交通工具 / 水上交通工具 / 军舰与潜艇,军事与防务 / 海军装备 / 军舰与潜艇,,,对象类型或专名,,
3-095,3,小蓝企鹅,动物 / 鸟类 / 企鹅类,生命科学 / 鸟类学 / 企鹅类,,,生物名称,,
3-096,3,带鱼狗,动物 / 鸟类 / 翠鸟类,生命科学 / 鸟类学 / 翠鸟类,,,生物名称,,
3-097,3,干巴菌,真菌 / 大型真菌 / 齿状及珊瑚状真菌,生命科学 / 真菌学 / 大型真菌,食品与饮食 / 食材 / 食用菌,食用菌,生物名称,,
3-098,3,弄蝶,动物 / 节肢动物 / 蝶蛾及其幼虫,生命科学 / 昆虫学 / 蝶蛾类,,,科级类群：弄蝶科,,原名保留；上层分类细化不等于该概念已经精确到物种。
3-099,3,张拉千斤顶,器具与设备 / 机械与作业设备 / 升降与顶升设备,工程与技术 / 工程机械 / 升降与顶升,,,对象类型或专名,,
3-100,3,弹布尔,器具与设备 / 乐器 / 弹拨与拉弦乐器,艺术与传播 / 音乐 / 弦乐器,,,对象类型或专名,,
3-101,3,彩鹳,动物 / 鸟类 / 鹳类,生命科学 / 鸟类学 / 鹳类,,,生物名称,,
3-102,3,恒河猴,动物 / 哺乳动物 / 灵长类动物,生命科学 / 动物学 / 哺乳动物,,,生物名称,,
3-103,3,恒河鳄,动物 / 爬行动物 / 鳄类,生命科学 / 动物学 / 爬行动物,,,生物名称,,
3-104,3,手动对焦胶片相机,器具与设备 / 摄影器材 / 胶片相机,艺术与传播 / 摄影 / 摄影器材,,,对象类型或专名,,
3-105,3,招财鱼,动物 / 鱼类 / 淡水鱼类,生命科学 / 鱼类学 / 淡水鱼类,,,生物名称,,
3-106,3,挑战者2,交通工具 / 陆地车辆 / 装甲战斗车辆,军事与防务 / 陆军装备 / 装甲车辆,,,对象类型或专名,,
3-107,3,斐济鬣蜥,动物 / 爬行动物 / 蜥蜴类,生命科学 / 动物学 / 爬行动物,,,生物名称,“斐济鬣蜥”不足以保证唯一物种，需学名或原图辅助。,
3-108,3,斑嘴鸭,动物 / 鸟类 / 鸭雁类,生命科学 / 鸟类学 / 鸭雁类,,,生物名称,,
3-109,3,日本萝卜的叶,植物 / 植物部位 / 叶,生命科学 / 植物形态 / 叶,农业与园艺 / 作物栽培 / 蔬菜与豆类作物,萝卜；叶,植物部位,,
3-110,3,普通鬼笔,真菌 / 大型真菌 / 鬼笔类真菌,生命科学 / 真菌学 / 鬼笔类真菌,,,生物名称,,
3-111,3,李-恩菲尔德步枪,器具与设备 / 武器与防护装备 / 枪械,军事与防务 / 武器装备 / 轻武器,,,对象类型或专名,,
3-112,3,板齿犀,动物 / 古生物及其遗存 / 史前哺乳动物,生命科学 / 古生物学 / 史前哺乳动物,,,属级类群：板齿犀属,,原名保留；上层分类细化不等于该概念已经精确到物种。
3-113,3,林鹳,动物 / 鸟类 / 鹳类,生命科学 / 鸟类学 / 鹳类,,,生物名称,,
3-114,3,果品冷藏货轮,交通工具 / 水上交通工具 / 货船,交通与航天 / 航海 / 货物运输,食品与饮食 / 食品供应链 / 冷链运输,冷藏运输,对象类型或专名,,
3-115,3,柳刃刀,器具与设备 / 餐厨与日用器具 / 刀具,食品与饮食 / 烹饪器具 / 刀具,,,对象类型或专名,,
3-116,3,栉尾鬣蜥,动物 / 爬行动物 / 蜥蜴类,生命科学 / 动物学 / 爬行动物,,,生物名称,“栉尾鬣蜥”可能是属级泛称或具体种的简称，需补学名确认。,
3-117,3,梆笛,器具与设备 / 乐器 / 吹管乐器,艺术与传播 / 音乐 / 吹管乐器,,,对象类型或专名,,
3-118,3,植物细胞,微观生物结构 / 细胞结构 / 细胞与细胞骨架,生命科学 / 细胞与组织 / 细胞结构,,,微观生物结构,名称未明确显微照片、示意图或模型；当前归入微观结构，不强行认定为图示。,
3-119,3,植物细胞图,图像与标识 / 科学与信息图示 / 细胞与组织图,生命科学 / 细胞与组织 / 结构图示,,,图像、标志或结构表示,,
3-120,3,橘红冠花贝母,植物 / 草本与藤本植物 / 观花与观叶草本,农业与园艺 / 观赏园艺 / 草本花卉,,橘红色,栽培类型／外观描述,需确认是正式栽培品种名，还是对冠花贝母花色的描述。,
3-121,3,波音747机翼,交通工具 / 交通工具部件 / 机翼与机体部件,交通与航天 / 航空工程 / 机体结构,,,对象类型或专名,,
3-122,3,泽泻,植物 / 草本与藤本植物 / 水生与湿地植物,生命科学 / 植物学 / 水生与湿地植物,,,生物名称,,
3-123,3,液压马达,器具与设备 / 机械与作业设备 / 动力设备,工程与技术 / 机械工程 / 液压传动,,,对象类型或专名,,
3-124,3,深海冷泉,自然环境与物质 / 水文与海洋现象 / 海底冷泉,地球与环境 / 海洋科学 / 冷泉生态,,,对象类型或专名,,
3-125,3,潮汐能,抽象概念 / 能源 / 潮汐能,工程与技术 / 能源工程 / 海洋可再生能源,,,抽象概念,潮汐能可由海面、设备或示意图表现；没有唯一可见对象，需图像级呈现标签。,
3-126,3,灰腹角雉,动物 / 鸟类 / 鸡雉类,生命科学 / 鸟类学 / 鸡雉类,,,生物名称,,
3-127,3,烟草花序,植物 / 植物部位 / 花与花序,生命科学 / 植物形态 / 花与花序,农业与园艺 / 作物栽培 / 经济作物,烟草；花序,植物部位,,
3-128,3,爪兽,动物 / 古生物及其遗存 / 史前哺乳动物,生命科学 / 古生物学 / 史前哺乳动物,,,类群通名，范围需核对,,原名保留；上层分类细化不等于该概念已经精确到物种。
3-129,3,牛腿琴,器具与设备 / 乐器 / 弹拨与拉弦乐器,艺术与传播 / 音乐 / 弦乐器,,,对象类型或专名,,
3-130,3,生物组织图,图像与标识 / 科学与信息图示 / 细胞与组织图,生命科学 / 细胞与组织 / 结构图示,,,图像、标志或结构表示,,
3-131,3,甲壳纲,动物 / 节肢动物 / 甲壳动物,生命科学 / 动物学 / 甲壳动物,,,高阶类群：甲壳动物,,保留“甲壳纲”原词；树使用中性的“甲壳动物”，不固定有争议或历史沿用的分类等级。
3-132,3,瘤鸭,动物 / 鸟类 / 鸭雁类,生命科学 / 鸟类学 / 鸭雁类,,,生物名称,,
3-133,3,白云金丝,动物 / 鱼类 / 淡水鱼类,生命科学 / 鱼类学 / 淡水鱼类,,,生物名称,,
3-134,3,白头鹤,动物 / 鸟类 / 鹤类,生命科学 / 鸟类学 / 鹤类,,,生物名称,,
3-135,3,白毒伞,真菌 / 大型真菌 / 伞状真菌,生命科学 / 真菌学 / 大型真菌,,,生物名称,“白毒伞”俗名可能对应多种白色鹅膏，不能仅凭中文名定种。,
3-136,3,白秋沙鸭,动物 / 鸟类 / 鸭雁类,生命科学 / 鸟类学 / 鸭雁类,,,生物名称,,
3-137,3,眼镜凯门鳄,动物 / 爬行动物 / 鳄类,生命科学 / 动物学 / 爬行动物,,,生物名称,,
3-138,3,石鸡,动物 / 鸟类 / 鸡雉类,生命科学 / 鸟类学 / 鸡雉类,,,生物名称,,
3-139,3,硕士服,服饰与造型 / 服装 / 学位礼服,生活与社会 / 教育 / 学位与毕业仪式,,,对象类型或专名,,
3-140,3,秘鲁企鹅,动物 / 鸟类 / 企鹅类,生命科学 / 鸟类学 / 企鹅类,,,生物名称,,
3-141,3,箱梁,建筑与设施 / 建筑结构 / 梁与拉索,建筑与土木 / 结构工程 / 承重构件,,,对象类型或专名,,
3-142,3,米-24 雌鹿武装直升机,交通工具 / 航空器 / 直升机,军事与防务 / 空军装备 / 军用航空器,交通与航天 / 航空 / 直升机机型,军用,对象类型或专名,,知识库按军事用途主归类；航空结构入口应为直升机。
3-143,3,红剑鱼,动物 / 鱼类 / 淡水鱼类,生命科学 / 鱼类学 / 淡水鱼类,,,生物名称,,
3-144,3,红原鸡,动物 / 鸟类 / 鸡雉类,生命科学 / 鸟类学 / 鸡雉类,,,生物名称,,
3-145,3,红绿灯鱼,动物 / 鱼类 / 淡水鱼类,生命科学 / 鱼类学 / 淡水鱼类,,,生物名称,,
3-146,3,细胞结构图,图像与标识 / 科学与信息图示 / 细胞与组织图,生命科学 / 细胞与组织 / 结构图示,,,图像、标志或结构表示,,
3-147,3,细胞骨架,微观生物结构 / 细胞结构 / 细胞与细胞骨架,生命科学 / 细胞与组织 / 细胞结构,,,微观生物结构,名称未明确显微图像或示意图；不能仅凭名称确定呈现形式。,
3-148,3,绒啄木鸟觅食,动物 / 鸟类 / 啄木鸟与拟啄木鸟,生命科学 / 鸟类学 / 啄木鸟与拟啄木鸟,生命科学 / 动物行为 / 觅食行为,绒啄木鸟；觅食,生物名称＋行为,,
3-149,3,绿啄木鸟,动物 / 鸟类 / 啄木鸟与拟啄木鸟,生命科学 / 鸟类学 / 啄木鸟与拟啄木鸟,,,生物名称,,
3-150,3,绿鱼狗,动物 / 鸟类 / 翠鸟类,生命科学 / 鸟类学 / 翠鸟类,,,生物名称,,
3-151,3,罗马标枪,器具与设备 / 武器与防护装备 / 弓弩与投掷武器,军事与防务 / 武器装备 / 冷兵器,,,对象类型或专名,,
3-152,3,美国红鱼,动物 / 鱼类 / 海水鱼类,生命科学 / 鱼类学 / 海水鱼类,,,生物名称,,
3-153,3,翠蓝眼蛱蝶,动物 / 节肢动物 / 蝶蛾及其幼虫,生命科学 / 昆虫学 / 蝶蛾类,,,生物名称,,
3-154,3,翠鸟巢穴,动物 / 动物活动遗迹 / 巢穴,生命科学 / 动物行为 / 筑巢与繁殖,,翠鸟类；巢穴,动物活动遗迹,,
3-155,3,翼手龙,动物 / 古生物及其遗存 / 翼龙及其遗存,生命科学 / 古生物学 / 翼龙,,,属名或泛称（待确认）,“翼手龙”可能指翼手龙属，也可能被宽泛地用于翼龙；不强行落到种。,
3-156,3,翼梁,交通工具 / 交通工具部件 / 机翼与机体部件,交通与航天 / 航空工程 / 机体结构,,,对象类型或专名,,
3-157,3,翼肋,交通工具 / 交通工具部件 / 机翼与机体部件,交通与航天 / 航空工程 / 机体结构,,,对象类型或专名,,
3-158,3,翼龙骨架,动物 / 古生物及其遗存 / 翼龙及其遗存,生命科学 / 古生物学 / 翼龙,,标本或遗存,古生物类群＋标本或遗存,,
3-159,3,联盟号运载火箭,交通工具 / 航天器 / 运载火箭,交通与航天 / 航天 / 发射运载系统,,,对象类型或专名,,
3-160,3,肉锥花,植物 / 多肉与肉质植物 / 叶多肉植物,农业与园艺 / 观赏园艺 / 多肉植物,,,属级类群：肉锥花属,,原名保留；上层分类细化不等于该概念已经精确到物种。
3-161,3,肉齿菌,真菌 / 大型真菌 / 齿状及珊瑚状真菌,生命科学 / 真菌学 / 大型真菌,,,生物名称,“肉齿菌”名称范围需核对；暂归齿状及珊瑚状真菌。,
3-162,3,胼胝体,人物与人体 / 人体结构 / 脑与神经结构,医学与健康 / 人体解剖 / 神经系统,,,对象类型或专名,,
3-163,3,脊柱融合,活动与场景 / 医疗操作 / 手术,医学与健康 / 手术治疗 / 脊柱手术,,,动作或场景,,
3-164,3,脑干,人物与人体 / 人体结构 / 脑与神经结构,医学与健康 / 人体解剖 / 神经系统,,,对象类型或专名,,
3-165,3,脑颅骨,人物与人体 / 人体结构 / 骨骼,医学与健康 / 人体解剖 / 骨骼系统,,,对象类型或专名,,
3-166,3,艾草,植物 / 草本与藤本植物 / 芳香与药用草本,农业与园艺 / 特色植物 / 药用与芳香植物,,,生物名称,,
3-167,3,芥蓝花,植物 / 植物部位 / 花与花序,生命科学 / 植物形态 / 花与花序,农业与园艺 / 作物栽培 / 蔬菜与豆类作物,芥蓝；花,植物部位,,
3-168,3,花剑剑条,器具与设备 / 体育器材 / 投掷与击剑器材,体育与休闲 / 竞技体育 / 田径与击剑,,,对象类型或专名,,
3-169,3,苹果猪笼草,植物 / 草本与藤本植物 / 食虫植物,生命科学 / 植物学 / 食虫植物,,,生物名称,,
3-170,3,荧光显微镜,器具与设备 / 医学与实验设备 / 显微镜,生命科学 / 实验技术 / 显微成像,,荧光显微镜,对象类型或专名,,
3-171,3,荷兰凤凰,动物 / 鱼类 / 淡水鱼类,生命科学 / 鱼类学 / 淡水鱼类,,,生物名称,,
3-172,3,落地生根,植物 / 多肉与肉质植物 / 叶多肉植物,农业与园艺 / 观赏园艺 / 多肉植物,,,生物名称,,
3-173,3,蓝岩鬣蜥,动物 / 爬行动物 / 蜥蜴类,生命科学 / 动物学 / 爬行动物,,,生物名称,,
3-174,3,蓝指海星,动物 / 其他无脊椎动物 / 棘皮动物,生命科学 / 动物学 / 棘皮动物,,,生物名称,,
3-175,3,蛹虫草,真菌 / 虫生真菌 / 虫草类真菌,生命科学 / 真菌学 / 虫生真菌,,,生物名称,,
3-176,3,血雉,动物 / 鸟类 / 鸡雉类,生命科学 / 鸟类学 / 鸡雉类,,,生物名称,,
3-177,3,行星齿轮,器具与设备 / 机械零部件 / 齿轮与传动件,工程与技术 / 机械工程 / 机械传动,,,对象类型或专名,,
3-178,3,褐马鸡,动物 / 鸟类 / 鸡雉类,生命科学 / 鸟类学 / 鸡雉类,,,生物名称,,
3-179,3,角雕展翅,动物 / 鸟类 / 猛禽,生命科学 / 鸟类学 / 猛禽,生命科学 / 动物行为 / 运动行为,角雕；展翅,生物名称＋行为,,
3-180,3,豪式桁架桥,建筑与设施 / 桥梁 / 桁架桥,建筑与土木 / 桥梁工程 / 桁架桥,,,对象类型或专名,,
3-181,3,赤嘴潜鸭,动物 / 鸟类 / 鸭雁类,生命科学 / 鸟类学 / 鸭雁类,,,生物名称,,
3-182,3,超声骨密度仪,器具与设备 / 医学与实验设备 / 超声设备,医学与健康 / 医学影像 / 超声诊断,,超声；骨密度,对象类型或专名,,
3-183,3,路易斯结构式,图像与标识 / 科学与信息图示 / 化学结构图与模型,数学与自然科学 / 化学 / 分子结构表示,,路易斯结构；结构式,图像、标志或结构表示,,
3-184,3,轰-6 轰炸机,交通工具 / 航空器 / 固定翼飞机,军事与防务 / 空军装备 / 军用航空器,交通与航天 / 航空 / 飞机机型,军用,对象类型或专名,,
3-185,3,辽宁舰,交通工具 / 水上交通工具 / 军舰与潜艇,军事与防务 / 海军装备 / 军舰与潜艇,,,对象类型或专名,,
3-186,3,连续分液器,器具与设备 / 医学与实验设备 / 移液与分液设备,生命科学 / 实验技术 / 液体处理,,,对象类型或专名,,
3-187,3,都塔尔,器具与设备 / 乐器 / 弹拨与拉弦乐器,艺术与传播 / 音乐 / 弦乐器,,,对象类型或专名,,
3-188,3,重型猎鹰火箭,交通工具 / 航天器 / 运载火箭,交通与航天 / 航天 / 发射运载系统,,,对象类型或专名,,
3-189,3,金枪鱼腹刺身,食物与食材 / 菜肴 / 刺身,食品与饮食 / 烹饪技法 / 刺身,食品与饮食 / 食材 / 鱼类食材,鱼类食材,对象类型或专名,,已加工菜肴，不按活体动物主分类。
3-190,3,钉状龙,动物 / 古生物及其遗存 / 恐龙及其遗存,生命科学 / 古生物学 / 恐龙,,,属级类群：钉状龙属,,原名保留；上层分类细化不等于该概念已经精确到物种。
3-191,3,钙华瀑布,自然环境与物质 / 水文与海洋现象 / 瀑布,地球与环境 / 地质地貌 / 钙华地貌,,,对象类型或专名,,
3-192,3,钢箱拱桥,建筑与设施 / 桥梁 / 拱桥,建筑与土木 / 桥梁工程 / 拱桥,,,对象类型或专名,,
3-193,3,钳嘴鹳,动物 / 鸟类 / 鹳类,生命科学 / 鸟类学 / 鹳类,,,生物名称,,
3-194,3,阿丽亚娜5号火箭,交通工具 / 航天器 / 运载火箭,交通与航天 / 航天 / 发射运载系统,,,对象类型或专名,,
3-195,3,阿凡达伊卡兰翼龙,图像与标识 / 文化图像 / 虚构生物形象,艺术与传播 / 影视与虚构作品 / 虚构生物,,虚构生物；影视,图像、标志或结构表示,,影视虚构形象，不进入真实翼龙类群。
3-196,3,雨久花花序,植物 / 植物部位 / 花与花序,生命科学 / 植物形态 / 花与花序,生命科学 / 植物学 / 水生与湿地植物,雨久花；花序,植物部位,,
3-197,3,雪雁,动物 / 鸟类 / 鸭雁类,生命科学 / 鸟类学 / 鸭雁类,,,生物名称,,
3-198,3,非洲灰犀鸟,动物 / 鸟类 / 犀鸟与地犀鸟,生命科学 / 鸟类学 / 犀鸟与地犀鸟,,,生物名称,,
3-199,3,非洲霸王树,植物 / 多肉与肉质植物 / 茎与地下器官肉质植物,农业与园艺 / 观赏园艺 / 多肉与球根植物,,,生物名称,,
3-200,3,颞叶,人物与人体 / 人体结构 / 脑与神经结构,医学与健康 / 人体解剖 / 神经系统,,,对象类型或专名,,
3-201,3,风神翼龙,动物 / 古生物及其遗存 / 翼龙及其遗存,生命科学 / 古生物学 / 翼龙,,,属级类群：风神翼龙属,,原名保留；上层分类细化不等于该概念已经精确到物种。
3-202,3,香榧,植物 / 木本植物 / 针叶树,农业与园艺 / 林业 / 经济林木,,,生物名称,,
3-203,3,马格里鹳,动物 / 鸟类 / 鹳类,生命科学 / 鸟类学 / 鹳类,,,生物名称,,
3-204,3,马王堆出土文物,艺术与装饰品 / 文物集合 / 出土文物集合,历史与文化 / 考古与文物 / 出土文物,,,对象类型或专名,“马王堆出土文物”是跨器物类型的集合，无法在不改概念的前提下归为单一器形。,
3-205,3,马郁兰,植物 / 草本与藤本植物 / 芳香与药用草本,农业与园艺 / 特色植物 / 药用与芳香植物,,,生物名称,,
3-206,3,骨密度X线检测仪,器具与设备 / 医学与实验设备 / X射线与CT设备,医学与健康 / 医学影像 / X射线与CT,,X射线；骨密度,对象类型或专名,,
3-207,3,骨科手术,活动与场景 / 医疗操作 / 手术,医学与健康 / 手术治疗 / 骨科手术,,,动作或场景,,
3-208,3,高原山鹑,动物 / 鸟类 / 鸡雉类,生命科学 / 鸟类学 / 鸡雉类,,,生物名称,,
3-209,3,鲭鱼刺身,食物与食材 / 菜肴 / 刺身,食品与饮食 / 烹饪技法 / 刺身,食品与饮食 / 食材 / 鱼类食材,鱼类食材,对象类型或专名,,已加工菜肴，不按活体动物主分类。
3-210,3,鸸鹋雏鸟,动物 / 鸟类 / 鸸鹋与食火鸡,生命科学 / 鸟类学 / 鸸鹋与食火鸡,生命科学 / 发育生物学 / 幼体与生长,鸸鹋；幼体,生物名称＋年龄阶段,,
3-211,3,黄斑蘑菇,真菌 / 大型真菌 / 伞状真菌,生命科学 / 真菌学 / 大型真菌,,,生物名称,,
3-212,3,黄芩,植物 / 草本与藤本植物 / 芳香与药用草本,农业与园艺 / 特色植物 / 药用与芳香植物,,,生物名称,,
3-213,3,黑犀鸟,动物 / 鸟类 / 犀鸟与地犀鸟,生命科学 / 鸟类学 / 犀鸟与地犀鸟,,,生物名称,,
3-214,3,黑颈鹤幼鸟,动物 / 鸟类 / 鹤类,生命科学 / 鸟类学 / 鹤类,生命科学 / 发育生物学 / 幼体与生长,黑颈鹤；幼体,生物名称＋年龄阶段,,
