概念ID,概念原文,视觉版暂定路径,知识库版暂定路径,核对原因
2-004,Axe木棒,器具与设备 / 手工工具 / 锤斧与敲击工具,工程与技术 / 机械工具 / 敲击与劈砍工具,“Axe”与“木棒”的含义不一致，暂归锤斧与敲击工具。
2-049,Tennis Table,器具与设备 / 体育器材 / 球桌,体育与休闲 / 球类运动 / 台球与乒乓球,按 Table Tennis 球台语境暂归球桌；保留原文 Tennis Table。
2-109,弹簧草,植物 / 多肉与肉质植物 / 茎与地下器官肉质植物,农业与园艺 / 观赏园艺 / 多肉与球根植物,“弹簧草”在园艺语境可指不同植物；保留通名，不指定物种。
2-139,滑铁卢桥,建筑与设施 / 桥梁 / 梁桥,建筑与土木 / 桥梁案例 / 海外桥梁,暂按伦敦现桥及悬臂箱梁结构归类；需确认素材不是旧桥。Historic England 的档案图注与名录存在结构表述差别。
2-146,玻璃吊桥,建筑与设施 / 桥梁 / 悬索桥,建筑与土木 / 桥梁工程 / 悬索桥,“玻璃吊桥”以悬索桥暂归类；若“吊桥”仅是景区俗称，需由原图核对承重结构。
2-162,管子,器具与设备 / 机械零部件 / 管件,工程与技术 / 机械工程 / 管道与连接件,“管子”可能是管件，也可能是中国吹管乐器；暂按管件，需原图或原始定义确认。
2-168,美洲豹雨林,动物 / 哺乳动物 / 猫科动物,生命科学 / 动物学 / 哺乳动物,“美洲豹雨林”可能以动物或雨林场景为主体；目前按美洲豹为主体。
2-170,胜利之吻,图像与标识 / 艺术图像 / 摄影作品,艺术与传播 / 摄影 / 摄影作品,“胜利之吻”可能指摄影作品或据此制作的雕塑；暂按摄影作品。
3-020,Indian Turnip,植物 / 草本与藤本植物 / 观花与观叶草本,农业与园艺 / 观赏园艺 / 草本花卉,英文俗名 Indian Turnip 需用学名确认，当前仅作草本植物导航。
3-036,Protein Structure,图像与标识 / 科学与信息图示 / 生物分子结构图,生命科学 / 分子生物学 / 生物大分子结构,原名未指定具体蛋白质或呈现形式；当前保留在分子结构图示入口。
3-039,Rib Cage Anatomy,图像与标识 / 科学与信息图示 / 人体解剖图,医学与健康 / 人体解剖 / 解剖图谱,暂按解剖图归类；若素材为真实骨骼标本，应改用人体结构入口。
3-051,Tobacco Hornworm Eating,动物 / 节肢动物 / 蝶蛾及其幼虫,生命科学 / 昆虫学 / 蝶蛾类,需核对英文俗名对应的物种；不把“幼虫”另建成与昆虫并列的动物大类。
3-059,丘陵埃克斯穆尔马,动物 / 哺乳动物 / 马类,农业与园艺 / 动物饲养 / 马品种,原名含“丘陵”修饰，需确认是品种描述还是场景描述。
3-107,斐济鬣蜥,动物 / 爬行动物 / 蜥蜴类,生命科学 / 动物学 / 爬行动物,“斐济鬣蜥”不足以保证唯一物种，需学名或原图辅助。
3-116,栉尾鬣蜥,动物 / 爬行动物 / 蜥蜴类,生命科学 / 动物学 / 爬行动物,“栉尾鬣蜥”可能是属级泛称或具体种的简称，需补学名确认。
3-118,植物细胞,微观生物结构 / 细胞结构 / 细胞与细胞骨架,生命科学 / 细胞与组织 / 细胞结构,名称未明确显微照片、示意图或模型；当前归入微观结构，不强行认定为图示。
3-120,橘红冠花贝母,植物 / 草本与藤本植物 / 观花与观叶草本,农业与园艺 / 观赏园艺 / 草本花卉,需确认是正式栽培品种名，还是对冠花贝母花色的描述。
3-125,潮汐能,抽象概念 / 能源 / 潮汐能,工程与技术 / 能源工程 / 海洋可再生能源,潮汐能可由海面、设备或示意图表现；没有唯一可见对象，需图像级呈现标签。
3-135,白毒伞,真菌 / 大型真菌 / 伞状真菌,生命科学 / 真菌学 / 大型真菌,“白毒伞”俗名可能对应多种白色鹅膏，不能仅凭中文名定种。
3-147,细胞骨架,微观生物结构 / 细胞结构 / 细胞与细胞骨架,生命科学 / 细胞与组织 / 细胞结构,名称未明确显微图像或示意图；不能仅凭名称确定呈现形式。
3-155,翼手龙,动物 / 古生物及其遗存 / 翼龙及其遗存,生命科学 / 古生物学 / 翼龙,“翼手龙”可能指翼手龙属，也可能被宽泛地用于翼龙；不强行落到种。
3-161,肉齿菌,真菌 / 大型真菌 / 齿状及珊瑚状真菌,生命科学 / 真菌学 / 大型真菌,“肉齿菌”名称范围需核对；暂归齿状及珊瑚状真菌。
3-204,马王堆出土文物,艺术与装饰品 / 文物集合 / 出土文物集合,历史与文化 / 考古与文物 / 出土文物,“马王堆出土文物”是跨器物类型的集合，无法在不改概念的前提下归为单一器形。
