概念ID,原组别,概念原文,概念形式,判定原则
1-001,1,Brassica Oleracea Var. Alboglabra,种下变种名（名称粒度）,不因其为品种、部位或状态组合而判成科目；来源物种是否明确是另一问题。
1-014,1,母狮无鬃,生物名称＋性别与外观,不因其为品种、部位或状态组合而判成科目；来源物种是否明确是另一问题。
1-022,1,茭白,植物部位,不因其为品种、部位或状态组合而判成科目；来源物种是否明确是另一问题。
1-024,1,蒜薹,植物部位,不因其为品种、部位或状态组合而判成科目；来源物种是否明确是另一问题。
2-123,2,松果,植物部位,不因其为品种、部位或状态组合而判成科目；来源物种是否明确是另一问题。
2-153,2,石刁柏的嫩茎,植物部位,不因其为品种、部位或状态组合而判成科目；来源物种是否明确是另一问题。
2-155,2,石榴假种皮,植物部位,不因其为品种、部位或状态组合而判成科目；来源物种是否明确是另一问题。
2-165,2,红豆杉假种皮,植物部位,不因其为品种、部位或状态组合而判成科目；来源物种是否明确是另一问题。
2-168,2,美洲豹雨林,生物名称＋生境,不因其为品种、部位或状态组合而判成科目；来源物种是否明确是另一问题。
2-181,2,荷花的种子,植物部位,不因其为品种、部位或状态组合而判成科目；来源物种是否明确是另一问题。
2-208,2,雪纳瑞犬,家养品种,不因其为品种、部位或状态组合而判成科目；来源物种是否明确是另一问题。
2-209,2,雪豹幼崽,生物名称＋年龄阶段,不因其为品种、部位或状态组合而判成科目；来源物种是否明确是另一问题。
3-015,3,Fritillaria Imperialis 'Rubra',栽培品种名,不因其为品种、部位或状态组合而判成科目；来源物种是否明确是另一问题。
3-051,3,Tobacco Hornworm Eating,生物名称＋阶段与行为,不因其为品种、部位或状态组合而判成科目；来源物种是否明确是另一问题。
3-059,3,丘陵埃克斯穆尔马,家养品种,不因其为品种、部位或状态组合而判成科目；来源物种是否明确是另一问题。
3-061,3,中国鹅白色,家养品种／品系＋颜色,不因其为品种、部位或状态组合而判成科目；来源物种是否明确是另一问题。
3-064,3,二棱大麦,作物类型,不因其为品种、部位或状态组合而判成科目；来源物种是否明确是另一问题。
3-068,3,兜状荷包牡丹的根,植物部位,不因其为品种、部位或状态组合而判成科目；来源物种是否明确是另一问题。
3-071,3,冠花贝母的花,植物部位,不因其为品种、部位或状态组合而判成科目；来源物种是否明确是另一问题。
3-076,3,卫矛假种皮,植物部位,不因其为品种、部位或状态组合而判成科目；来源物种是否明确是另一问题。
3-077,3,卷毛金丝雀,家养品种,不因其为品种、部位或状态组合而判成科目；来源物种是否明确是另一问题。
3-083,3,可可花,植物部位,不因其为品种、部位或状态组合而判成科目；来源物种是否明确是另一问题。
3-109,3,日本萝卜的叶,植物部位,不因其为品种、部位或状态组合而判成科目；来源物种是否明确是另一问题。
3-127,3,烟草花序,植物部位,不因其为品种、部位或状态组合而判成科目；来源物种是否明确是另一问题。
3-148,3,绒啄木鸟觅食,生物名称＋行为,不因其为品种、部位或状态组合而判成科目；来源物种是否明确是另一问题。
3-154,3,翠鸟巢穴,动物活动遗迹,不因其为品种、部位或状态组合而判成科目；来源物种是否明确是另一问题。
3-167,3,芥蓝花,植物部位,不因其为品种、部位或状态组合而判成科目；来源物种是否明确是另一问题。
3-179,3,角雕展翅,生物名称＋行为,不因其为品种、部位或状态组合而判成科目；来源物种是否明确是另一问题。
3-196,3,雨久花花序,植物部位,不因其为品种、部位或状态组合而判成科目；来源物种是否明确是另一问题。
3-210,3,鸸鹋雏鸟,生物名称＋年龄阶段,不因其为品种、部位或状态组合而判成科目；来源物种是否明确是另一问题。
3-214,3,黑颈鹤幼鸟,生物名称＋年龄阶段,不因其为品种、部位或状态组合而判成科目；来源物种是否明确是另一问题。
