行号,标签名,路径,疑似问题
693,有限的,V2融合世界标签体系/通用分类标签/交通工具/公共运输/有限的,形容词误作节点
905,机动+的,V2融合世界标签体系/通用分类标签/交通工具/机动+的,含'+'残留符号;形容词误作节点
926,汽车的,V2融合世界标签体系/通用分类标签/交通工具/汽车的,形容词误作节点
966,破损的,V2融合世界标签体系/通用分类标签/交通工具/破损的,形容词误作节点
1250,一件,V2融合世界标签体系/通用分类标签/人物与人体/人体部位/手臂/手枪/一件,量词/数字误作节点
1253,二十二,V2融合世界标签体系/通用分类标签/人物与人体/人体部位/手臂/手枪/一件/二十二,量词/数字误作节点
1920,无家可归的,V2融合世界标签体系/通用分类标签/人物与人体/不幸的人/无家可归的,形容词误作节点
1953,干燥的,V2融合世界标签体系/通用分类标签/人物与人体/争论者/改革者/干燥的,形容词误作节点
1973,上升的,V2融合世界标签体系/通用分类标签/人物与人体/亲属/上升的,形容词误作节点
2317,家用的,V2融合世界标签体系/通用分类标签/人物与人体/劳动者/仆人/家用的,形容词误作节点
2340,可爱的,V2融合世界标签体系/通用分类标签/人物与人体/劳动者/助手/模型/摄影模特/可爱的,形容词误作节点
2549,古代的,V2融合世界标签体系/通用分类标签/人物与人体/古代的,形容词误作节点
2578,国家的,V2融合世界标签体系/通用分类标签/人物与人体/国家的,形容词误作节点
2665,古代的,V2融合世界标签体系/通用分类标签/人物与人体/大人/老人/古代的,形容词误作节点
2721,尼格罗人种的,V2融合世界标签体系/通用分类标签/人物与人体/尼格罗人种的,形容词误作节点
2728,乡村风格的,V2融合世界标签体系/通用分类标签/人物与人体/平民/乡村风格的,形容词误作节点
2762,自然的,V2融合世界标签体系/通用分类标签/人物与人体/成功人士/自然的,形容词误作节点
2915,武装的,V2融合世界标签体系/通用分类标签/人物与人体/武装的,形容词误作节点
2916,死亡的,V2融合世界标签体系/通用分类标签/人物与人体/死亡的,形容词误作节点
2962,现代的,V2融合世界标签体系/通用分类标签/人物与人体/现代的,形容词误作节点
2999,浪漫的,V2融合世界标签体系/通用分类标签/人物与人体/空想家/理想主义者/浪漫的,形容词误作节点
7015,一把夹钳,V2融合世界标签体系/通用分类标签/人造物体/一把夹钳,量词/数字误作节点
7166,赤道的,V2融合世界标签体系/通用分类标签/人造物体/乐器/器械/科学仪器/放大器/望远镜/赤道的,形容词误作节点
7434,一把剪刀,V2融合世界标签体系/通用分类标签/人造物体/切割器具/切削工具/刃具/一把剪刀,量词/数字误作节点
7610,一块布,V2融合世界标签体系/通用分类标签/人造物体/台布/一块布,量词/数字误作节点
7778,金属质的,V2融合世界标签体系/通用分类标签/人造物体/台布/金属质的,形容词误作节点
7780,防水的,V2融合世界标签体系/通用分类标签/人造物体/台布/防水的,形容词误作节点
7789,黑白杂色的,V2融合世界标签体系/通用分类标签/人造物体/台布/黑白杂色的,形容词误作节点
7810,基础的,V2融合世界标签体系/通用分类标签/人造物体/商品/基础的,形容词误作节点
7876,无肩带的,V2融合世界标签体系/通用分类标签/人造物体/商品/消费品/可穿戴设备/女装/女服/无肩带的,形容词误作节点
8021,防水的,V2融合世界标签体系/通用分类标签/人造物体/商品/消费品/可穿戴设备/衣服/外衣/外套/防水的,形容词误作节点
8350,一把剪刀,V2融合世界标签体系/通用分类标签/人造物体/器具/棒/杠杆/复式杠杆/一把剪刀,量词/数字误作节点
8356,一把手钳,V2融合世界标签体系/通用分类标签/人造物体/器具/棒/杠杆/复式杠杆/一把手钳,量词/数字误作节点
8429,一把手钳,V2融合世界标签体系/通用分类标签/人造物体/固定装置/一把手钳,量词/数字误作节点
8562,无线的,V2融合世界标签体系/通用分类标签/人造物体/媒介/电信/无线的,形容词误作节点
9077,一块地板,V2融合世界标签体系/通用分类标签/人造物体/扁平立体/板/一块地板,量词/数字误作节点
9113,一把手钳,V2融合世界标签体系/通用分类标签/人造物体/手工工具/一把手钳,量词/数字误作节点
9115,一把钳子,V2融合世界标签体系/通用分类标签/人造物体/手工工具/一把钳子,量词/数字误作节点
9946,一件,V2融合世界标签体系/通用分类标签/人造物体/游戏器材/一件,量词/数字误作节点
10942,无肩带的,V2融合世界标签体系/通用分类标签/人造物体/覆盖物/可穿戴设备/女装/女服/无肩带的,形容词误作节点
11087,防水的,V2融合世界标签体系/通用分类标签/人造物体/覆盖物/可穿戴设备/衣服/外衣/外套/防水的,形容词误作节点
12317,有胎盘的,V2融合世界标签体系/通用分类标签/动物/哺乳动物/有胎盘的,形容词误作节点
13397,扁平的,V2融合世界标签体系/通用分类标签/动物/水生非哺乳生物/硬骨鱼/真骨鱼/软鳍鱼/鲤形目鱼类/上层鳉鱼/扁平的,形容词误作节点
14061,忧郁的,V2融合世界标签体系/通用分类标签/动物/鸟类/家禽/原鸡/小鸡/忧郁的,形容词误作节点
14594,具龙骨突的,V2融合世界标签体系/通用分类标签/动物/鸟类/具龙骨突的,形容词误作节点
15480,武装的,V2融合世界标签体系/通用分类标签/动物/武装的,形容词误作节点
15686,新娘的,V2融合世界标签体系/通用分类标签/场景/宗教庆典场景/婚礼/新娘的,形容词误作节点
16603,室外+的,V2融合世界标签体系/通用分类标签/场景/室外+的,含'+'残留符号;形容词误作节点
18550,有光泽的,V2融合世界标签体系/通用分类标签/文化艺术与媒介/文学出版/杂志/有光泽的,形容词误作节点
18717,一件,V2融合世界标签体系/通用分类标签/文化艺术与媒介/一件,量词/数字误作节点
18905,政治+的,V2融合世界标签体系/通用分类标签/文化艺术与媒介/政治+的,含'+'残留符号;形容词误作节点
19026,破损的,V2融合世界标签体系/通用分类标签/文化艺术与媒介/破损的,形容词误作节点
19853,有纹理的,V2融合世界标签体系/通用分类标签/文字与信息图形/有纹理的,形容词误作节点
19945,印欧语系的,V2融合世界标签体系/通用分类标签/文字与信息图形/自然语言/印欧语系的,形容词误作节点
19950,日耳曼的,V2融合世界标签体系/通用分类标签/文字与信息图形/自然语言/印欧语系的/日耳曼的,形容词误作节点
21591,常绿的,V2融合世界标签体系/通用分类标签/植物/常绿的,形容词误作节点
22206,花+的,V2融合世界标签体系/通用分类标签/植物/花+的,含'+'残留符号;形容词误作节点
22232,一把抓,V2融合世界标签体系/通用分类标签/植物/草本植物/一把抓,量词/数字误作节点
24116,僵硬的,V2融合世界标签体系/通用分类标签/自然景观/僵硬的,形容词误作节点
24131,中空的,V2融合世界标签体系/通用分类标签/自然景观/凹陷地/中空的,形容词误作节点
24165,多雨的,V2融合世界标签体系/通用分类标签/自然景观/多雨的,形容词误作节点
24286,晴朗的,V2融合世界标签体系/通用分类标签/自然景观/晴朗的,形容词误作节点
24288,暴风雨的,V2融合世界标签体系/通用分类标签/自然景观/暴风雨的,形容词误作节点
25746,一双,V2融合世界标签体系/通用分类标签/行为动作/社交互动动作/聚会/一双,量词/数字误作节点
25747,一双,V2融合世界标签体系/通用分类标签/行为动作/社交互动动作/聚会/一双/一双,量词/数字误作节点
25763,善于交际的,V2融合世界标签体系/通用分类标签/行为动作/社交互动动作/聚会/善于交际的,形容词误作节点
27794,一条面包,V2融合世界标签体系/通用分类标签/食物/烘焙甜品点心/面包/一条面包,量词/数字误作节点
28940,特别的,V2融合世界标签体系/通用分类标签/食物/一道菜/特别的,形容词误作节点
29145,寒冷的,V2融合世界标签体系/通用分类标签/食物/农产品/蔬菜/茄科蔬菜/胡椒/辣椒/寒冷的,形容词误作节点
29385,脆的,V2融合世界标签体系/通用分类标签/食物/摩托人力车/甜食/糖制食品/脆的,形容词误作节点
29675,苦味的,V2融合世界标签体系/通用分类标签/食物/致醉物/酿造饮料/啤酒/艾尔啤酒/苦味的,形容词误作节点
30232,七十八,V2融合世界标签体系/通用分类标签/声音/圆盘/七十八,量词/数字误作节点
30736,下阵雨+的,V2融合世界标签体系/通用分类标签/属性与状态/下阵雨+的,含'+'残留符号;形容词误作节点
30737,不一样+的,V2融合世界标签体系/通用分类标签/属性与状态/不一样+的,含'+'残留符号;形容词误作节点
30743,不同+的,V2融合世界标签体系/通用分类标签/属性与状态/不同+的,含'+'残留符号;形容词误作节点
30745,不愉快+的,V2融合世界标签体系/通用分类标签/属性与状态/不愉快+的,含'+'残留符号;形容词误作节点
30746,不松动+的,V2融合世界标签体系/通用分类标签/属性与状态/不松动+的,含'+'残留符号;形容词误作节点
30747,不清晰的,V2融合世界标签体系/通用分类标签/属性与状态/不清晰的,形容词误作节点
30751,专业+的,V2融合世界标签体系/通用分类标签/属性与状态/专业+的,含'+'残留符号;形容词误作节点
30763,中世纪+的,V2融合世界标签体系/通用分类标签/属性与状态/中世纪+的,含'+'残留符号;形容词误作节点
30764,中世纪的,V2融合世界标签体系/通用分类标签/属性与状态/中世纪的,形容词误作节点
30767,丰富多彩的,V2融合世界标签体系/通用分类标签/属性与状态/丰富多彩的,形容词误作节点
30768,乌色+的,V2融合世界标签体系/通用分类标签/属性与状态/乌色+的,含'+'残留符号;形容词误作节点
30769,乡下+的,V2融合世界标签体系/通用分类标签/属性与状态/乡下+的,含'+'残留符号;形容词误作节点
30770,乡下+的,V2融合世界标签体系/通用分类标签/属性与状态/乡下+的,含'+'残留符号;形容词误作节点
30771,乡下+的,V2融合世界标签体系/通用分类标签/属性与状态/乡下+的,含'+'残留符号;形容词误作节点
30772,乡土+的,V2融合世界标签体系/通用分类标签/属性与状态/乡土+的,含'+'残留符号;形容词误作节点
30779,五彩缤纷+的,V2融合世界标签体系/通用分类标签/属性与状态/五彩缤纷+的,含'+'残留符号;形容词误作节点
30780,产业+的,V2融合世界标签体系/通用分类标签/属性与状态/产业+的,含'+'残留符号;形容词误作节点
30803,仅仅+的,V2融合世界标签体系/通用分类标签/属性与状态/仅仅+的,含'+'残留符号;形容词误作节点
30804,令人惊叹的,V2融合世界标签体系/通用分类标签/属性与状态/令人惊叹的,形容词误作节点
30805,令人惊叹的,V2融合世界标签体系/通用分类标签/属性与状态/令人惊叹的,形容词误作节点
30806,令人惊叹的,V2融合世界标签体系/通用分类标签/属性与状态/令人惊叹的,形容词误作节点
30807,令人惊叹的,V2融合世界标签体系/通用分类标签/属性与状态/令人惊叹的,形容词误作节点
30813,传统+的,V2融合世界标签体系/通用分类标签/属性与状态/传统+的,含'+'残留符号;形容词误作节点
30815,体育+的,V2融合世界标签体系/通用分类标签/属性与状态/体育+的,含'+'残留符号;形容词误作节点
30820,健壮的,V2融合世界标签体系/通用分类标签/属性与状态/健壮的,形容词误作节点
30822,充足+的,V2融合世界标签体系/通用分类标签/属性与状态/充足+的,含'+'残留符号;形容词误作节点
30823,光秃+的,V2融合世界标签体系/通用分类标签/属性与状态/光秃+的,含'+'残留符号;形容词误作节点
30824,全景的,V2融合世界标签体系/通用分类标签/属性与状态/全景的,形容词误作节点
30832,具有城市特征+的,V2融合世界标签体系/通用分类标签/属性与状态/具有城市特征+的,含'+'残留符号;形容词误作节点
30835,冰冷+的,V2融合世界标签体系/通用分类标签/属性与状态/冰冷+的,含'+'残留符号;形容词误作节点
30847,医学+的,V2融合世界标签体系/通用分类标签/属性与状态/医学+的,含'+'残留符号;形容词误作节点
30848,华丽的,V2融合世界标签体系/通用分类标签/属性与状态/华丽的,形容词误作节点
30851,历史+的,V2融合世界标签体系/通用分类标签/属性与状态/历史+的,含'+'残留符号;形容词误作节点
30852,历史+的,V2融合世界标签体系/通用分类标签/属性与状态/历史+的,含'+'残留符号;形容词误作节点
30853,厚+的,V2融合世界标签体系/通用分类标签/属性与状态/厚+的,含'+'残留符号;形容词误作节点
30856,双目+的,V2融合世界标签体系/通用分类标签/属性与状态/双目+的,含'+'残留符号;形容词误作节点
30857,发怒+的,V2融合世界标签体系/通用分类标签/属性与状态/发怒+的,含'+'残留符号;形容词误作节点
30858,古老+的,V2融合世界标签体系/通用分类标签/属性与状态/古老+的,含'+'残留符号;形容词误作节点
30860,可爱+的,V2融合世界标签体系/通用分类标签/属性与状态/可爱+的,含'+'残留符号;形容词误作节点
30861,可爱的,V2融合世界标签体系/通用分类标签/属性与状态/可爱的,形容词误作节点
30862,可转换的,V2融合世界标签体系/通用分类标签/属性与状态/可转换的,形容词误作节点
30863,可转换的,V2融合世界标签体系/通用分类标签/属性与状态/可转换的,形容词误作节点
30865,含糊的,V2融合世界标签体系/通用分类标签/属性与状态/含糊的,形容词误作节点
30905,在水下+的,V2融合世界标签体系/通用分类标签/属性与状态/在水下+的,含'+'残留符号;形容词误作节点
30907,地理的,V2融合世界标签体系/通用分类标签/属性与状态/地理的,形容词误作节点
30908,坏的,V2融合世界标签体系/通用分类标签/属性与状态/坏的,形容词误作节点
30911,坚固+的,V2融合世界标签体系/通用分类标签/属性与状态/坚固+的,含'+'残留符号;形容词误作节点
30912,坚固+的,V2融合世界标签体系/通用分类标签/属性与状态/坚固+的,含'+'残留符号;形容词误作节点
30937,外面的,V2融合世界标签体系/通用分类标签/属性与状态/外面的,形容词误作节点
30941,多岩石的,V2融合世界标签体系/通用分类标签/属性与状态/多岩石的,形容词误作节点
30943,多雪的,V2融合世界标签体系/通用分类标签/属性与状态/多雪的,形容词误作节点
30944,多雪的,V2融合世界标签体系/通用分类标签/属性与状态/多雪的,形容词误作节点
30945,多雪的,V2融合世界标签体系/通用分类标签/属性与状态/多雪的,形容词误作节点
30946,多雾的,V2融合世界标签体系/通用分类标签/属性与状态/多雾的,形容词误作节点
30950,极小的,V2融合世界标签体系/通用分类标签/属性与状态/大小/大小/极小的,形容词误作节点
30956,天蓝色+的,V2融合世界标签体系/通用分类标签/属性与状态/天蓝色+的,含'+'残留符号;形容词误作节点
30957,太阳+的,V2融合世界标签体系/通用分类标签/属性与状态/太阳+的,含'+'残留符号;形容词误作节点
30960,好看+的,V2融合世界标签体系/通用分类标签/属性与状态/好看+的,含'+'残留符号;形容词误作节点
30962,宗教+的,V2融合世界标签体系/通用分类标签/属性与状态/宗教+的,含'+'残留符号;形容词误作节点
30963,害怕的,V2融合世界标签体系/通用分类标签/属性与状态/害怕的,形容词误作节点
30964,宽+的,V2融合世界标签体系/通用分类标签/属性与状态/宽+的,含'+'残留符号;形容词误作节点
30971,巨大+的,V2融合世界标签体系/通用分类标签/属性与状态/巨大+的,含'+'残留符号;形容词误作节点
30979,平静的,V2融合世界标签体系/通用分类标签/属性与状态/平静的,形容词误作节点
30980,幸福+的,V2融合世界标签体系/通用分类标签/属性与状态/幸福+的,含'+'残留符号;形容词误作节点
30983,开放+的,V2融合世界标签体系/通用分类标签/属性与状态/开放+的,含'+'残留符号;形容词误作节点
30986,弄脏+的,V2融合世界标签体系/通用分类标签/属性与状态/弄脏+的,含'+'残留符号;形容词误作节点
31065,径直+的,V2融合世界标签体系/通用分类标签/属性与状态/径直+的,含'+'残留符号;形容词误作节点
31066,微湿+的,V2融合世界标签体系/通用分类标签/属性与状态/微湿+的,含'+'残留符号;形容词误作节点
31067,微黄色+的,V2融合世界标签体系/通用分类标签/属性与状态/微黄色+的,含'+'残留符号;形容词误作节点
31070,恋爱+的,V2融合世界标签体系/通用分类标签/属性与状态/恋爱+的,含'+'残留符号;形容词误作节点
31071,悲伤的,V2融合世界标签体系/通用分类标签/属性与状态/悲伤的,形容词误作节点
31087,抽出鞘+的,V2融合世界标签体系/通用分类标签/属性与状态/抽出鞘+的,含'+'残留符号;形容词误作节点
31088,拥挤的,V2融合世界标签体系/通用分类标签/属性与状态/拥挤的,形容词误作节点
31093,断了+的,V2融合世界标签体系/通用分类标签/属性与状态/断了+的,含'+'残留符号;形容词误作节点
31094,新+的,V2融合世界标签体系/通用分类标签/属性与状态/新+的,含'+'残留符号;形容词误作节点
31096,新生的,V2融合世界标签体系/通用分类标签/属性与状态/新生的,形容词误作节点
31114,时髦+的,V2融合世界标签体系/通用分类标签/属性与状态/时髦+的,含'+'残留符号;形容词误作节点
31116,明亮的,V2融合世界标签体系/通用分类标签/属性与状态/明亮的,形容词误作节点
31117,明亮的,V2融合世界标签体系/通用分类标签/属性与状态/明亮的,形容词误作节点
31120,暴风雨的,V2融合世界标签体系/通用分类标签/属性与状态/暴风雨的,形容词误作节点
31121,有光泽的,V2融合世界标签体系/通用分类标签/属性与状态/有光泽的,形容词误作节点
31122,有条纹的,V2融合世界标签体系/通用分类标签/属性与状态/有条纹的,形容词误作节点
31123,有某种毛发的,V2融合世界标签体系/通用分类标签/属性与状态/有某种毛发的,形容词误作节点
31124,有甜味+的,V2融合世界标签体系/通用分类标签/属性与状态/有甜味+的,含'+'残留符号;形容词误作节点
31125,有趣的,V2融合世界标签体系/通用分类标签/属性与状态/有趣的,形容词误作节点
31126,有雾+的,V2融合世界标签体系/通用分类标签/属性与状态/有雾+的,含'+'残留符号;形容词误作节点
31127,有雾的,V2融合世界标签体系/通用分类标签/属性与状态/有雾的,形容词误作节点
31128,有风的,V2融合世界标签体系/通用分类标签/属性与状态/有风的,形容词误作节点
31129,木+的,V2融合世界标签体系/通用分类标签/属性与状态/木+的,含'+'残留符号;形容词误作节点
31130,权威+的,V2融合世界标签体系/通用分类标签/属性与状态/权威+的,含'+'残留符号;形容词误作节点
31135,染色的,V2融合世界标签体系/通用分类标签/属性与状态/染色的,形容词误作节点
31140,武装的,V2融合世界标签体系/通用分类标签/属性与状态/武装的,形容词误作节点
31141,气温高+的,V2融合世界标签体系/通用分类标签/属性与状态/气温高+的,含'+'残留符号;形容词误作节点
31142,水晶+的,V2融合世界标签体系/通用分类标签/属性与状态/水晶+的,含'+'残留符号;形容词误作节点
31143,沙质的,V2融合世界标签体系/通用分类标签/属性与状态/沙质的,形容词误作节点
31144,沙质的,V2融合世界标签体系/通用分类标签/属性与状态/沙质的,形容词误作节点
31145,沿岸+的,V2融合世界标签体系/通用分类标签/属性与状态/沿岸+的,含'+'残留符号;形容词误作节点
31146,沿海的,V2融合世界标签体系/通用分类标签/属性与状态/沿海的,形容词误作节点
31154,活的,V2融合世界标签体系/通用分类标签/属性与状态/活的,形容词误作节点
31155,浅紫色的,V2融合世界标签体系/通用分类标签/属性与状态/浅紫色的,形容词误作节点
31158,深褐色+的,V2融合世界标签体系/通用分类标签/属性与状态/深褐色+的,含'+'残留符号;形容词误作节点
31159,混合的,V2融合世界标签体系/通用分类标签/属性与状态/混合的,形容词误作节点
31165,热带+的,V2融合世界标签体系/通用分类标签/属性与状态/热带+的,含'+'残留符号;形容词误作节点
31172,狭窄+的,V2融合世界标签体系/通用分类标签/属性与状态/狭窄+的,含'+'残留符号;形容词误作节点
31173,狭窄的,V2融合世界标签体系/通用分类标签/属性与状态/狭窄的,形容词误作节点
31174,王室+的,V2融合世界标签体系/通用分类标签/属性与状态/王室+的,含'+'残留符号;形容词误作节点
31180,生物+的,V2融合世界标签体系/通用分类标签/属性与状态/生物+的,含'+'残留符号;形容词误作节点
31181,生物学的,V2融合世界标签体系/通用分类标签/属性与状态/生物学的,形容词误作节点
31182,生疏+的,V2融合世界标签体系/通用分类标签/属性与状态/生疏+的,含'+'残留符号;形容词误作节点
31183,生锈+的,V2融合世界标签体系/通用分类标签/属性与状态/生锈+的,含'+'残留符号;形容词误作节点
31185,短+的,V2融合世界标签体系/通用分类标签/属性与状态/短+的,含'+'残留符号;形容词误作节点
31186,短+的,V2融合世界标签体系/通用分类标签/属性与状态/短+的,含'+'残留符号;形容词误作节点
31187,秃头的,V2融合世界标签体系/通用分类标签/属性与状态/秃头的,形容词误作节点
31188,秃头的,V2融合世界标签体系/通用分类标签/属性与状态/秃头的,形容词误作节点
31190,稳定的,V2融合世界标签体系/通用分类标签/属性与状态/稳定的,形容词误作节点
31191,稳定的,V2融合世界标签体系/通用分类标签/属性与状态/稳定的,形容词误作节点
31219,细+的,V2融合世界标签体系/通用分类标签/属性与状态/细+的,含'+'残留符号;形容词误作节点
31220,经验丰富的,V2融合世界标签体系/通用分类标签/属性与状态/经验丰富的,形容词误作节点
31222,结霜的,V2融合世界标签体系/通用分类标签/属性与状态/结霜的,形容词误作节点
31228,英俊的,V2融合世界标签体系/通用分类标签/属性与状态/英俊的,形容词误作节点
31229,英俊的,V2融合世界标签体系/通用分类标签/属性与状态/英俊的,形容词误作节点
31235,赤膊的,V2融合世界标签体系/通用分类标签/属性与状态/裸露/赤膊的,形容词误作节点
31274,赤膊的,V2融合世界标签体系/通用分类标签/属性与状态/赤膊的,形容词误作节点
31275,赤膊的,V2融合世界标签体系/通用分类标签/属性与状态/赤膊的,形容词误作节点
31284,郁郁葱葱的,V2融合世界标签体系/通用分类标签/属性与状态/郁郁葱葱的,形容词误作节点
31286,金+的,V2融合世界标签体系/通用分类标签/属性与状态/金+的,含'+'残留符号;形容词误作节点
31287,长+的,V2融合世界标签体系/通用分类标签/属性与状态/长+的,含'+'残留符号;形容词误作节点
31290,青少年+的,V2融合世界标签体系/通用分类标签/属性与状态/青少年+的,含'+'残留符号;形容词误作节点
31292,高+的,V2融合世界标签体系/通用分类标签/属性与状态/高+的,含'+'残留符号;形容词误作节点
31295,黑暗+的,V2融合世界标签体系/通用分类标签/属性与状态/黑暗+的,含'+'残留符号;形容词误作节点
31296,黑白+的,V2融合世界标签体系/通用分类标签/属性与状态/黑白+的,含'+'残留符号;形容词误作节点
31317,一对,V2融合世界标签体系/通用分类标签/时间数量与度量/一定量/整数/手指/二/一对,量词/数字误作节点
31350,小的,V2融合世界标签体系/通用分类标签/时间数量与度量/不定量/少量/小的,形容词误作节点
31387,共同+的,V2融合世界标签体系/通用分类标签/时间数量与度量/共同+的,含'+'残留符号;形容词误作节点
31398,几个+的,V2融合世界标签体系/通用分类标签/时间数量与度量/几个+的,含'+'残留符号;形容词误作节点
31418,一个星期,V2融合世界标签体系/通用分类标签/时间数量与度量/基本量/一段时间/一个星期,量词/数字误作节点
31473,大+的,V2融合世界标签体系/通用分类标签/时间数量与度量/大+的,含'+'残留符号;形容词误作节点
31686,有保护能力的,V2融合世界标签体系/通用分类标签/材料与物质/化合物/有保护能力的,形容词误作节点
31774,干+的,V2融合世界标签体系/通用分类标签/材料与物质/干+的,含'+'残留符号;形容词误作节点
31945,锋利的,V2融合世界标签体系/通用分类标签/材料与物质/锋利的,形容词误作节点
31951,一块土地,V2融合世界标签体系/通用分类标签/知识与学科/一块土地,量词/数字误作节点
31952,一块地,V2融合世界标签体系/通用分类标签/知识与学科/一块土地/一块地,量词/数字误作节点
32090,地理学+的,V2融合世界标签体系/通用分类标签/知识与学科/地理学+的,含'+'残留符号;形容词误作节点
32239,灰白的,V2融合世界标签体系/通用分类标签/知识与学科/灰白的,形容词误作节点
32328,弯曲的,V2融合世界标签体系/通用分类标签/知识与学科/知识/才智/天资/天赋/捐赠基金/弯曲的,形容词误作节点
33055,武术性的,V2融合世界标签体系/IP 分类标签/真人与人物 IP/科学文化人物/作家/诗人/武术性的,形容词误作节点
33071,专科院校的,V2融合世界标签体系/IP 分类标签/真人与人物 IP/科学文化人物/教育家/专科院校的,形容词误作节点
