标签名,位置A行号,位置A路径,位置B行号,位置B路径,后代数A,后代数B,重叠度
可穿戴设备,7812,V2融合世界标签体系/通用分类标签/人造物体/商品/消费品/可穿戴设备,10878,V2融合世界标签体系/通用分类标签/人造物体/覆盖物/可穿戴设备,329,329,1.0
开花植物,21599,V2融合世界标签体系/通用分类标签/植物/显花植物/开花植物,21603,V2融合世界标签体系/通用分类标签/植物/显花植物/开花植物/开花植物,329,256,0.78
衣服,7936,V2融合世界标签体系/通用分类标签/人造物体/商品/消费品/可穿戴设备/衣服,11002,V2融合世界标签体系/通用分类标签/人造物体/覆盖物/可穿戴设备/衣服,186,186,1.0
劳动者,2315,V2融合世界标签体系/通用分类标签/人物与人体/劳动者,2492,V2融合世界标签体系/通用分类标签/人物与人体/劳动者,169,169,1.0
水禽,14656,V2融合世界标签体系/通用分类标签/动物/鸟类/水禽,14669,V2融合世界标签体系/通用分类标签/动物/鸟类/水禽/水禽,68,53,0.78
信号,19566,V2融合世界标签体系/通用分类标签/文字与信息图形/信号,19626,V2融合世界标签体系/通用分类标签/文字与信息图形/信号,54,54,1.0
住处,17465,V2融合世界标签体系/通用分类标签/建筑与基础设施/住宅/住处,17521,V2融合世界标签体系/通用分类标签/建筑与基础设施/住宅/住处,50,50,1.0
表演者,3041,V2融合世界标签体系/通用分类标签/人物与人体/表演者,3048,V2融合世界标签体系/通用分类标签/人物与人体/表演者/表演者,49,41,0.84
桌子,9773,V2融合世界标签体系/通用分类标签/人造物体/桌子,9778,V2融合世界标签体系/通用分类标签/人造物体/桌子,49,49,1.0
外衣,7992,V2融合世界标签体系/通用分类标签/人造物体/商品/消费品/可穿戴设备/衣服/外衣,11058,V2融合世界标签体系/通用分类标签/人造物体/覆盖物/可穿戴设备/衣服/外衣,42,42,1.0
机动车,1077,V2融合世界标签体系/通用分类标签/交通工具/轮式车辆/自行式车辆/机动车,1084,V2融合世界标签体系/通用分类标签/交通工具/轮式车辆/自行式车辆/机动车/机动车,37,27,0.73
玩具,10169,V2融合世界标签体系/通用分类标签/人造物体/玩具,10207,V2融合世界标签体系/通用分类标签/人造物体/玩具,36,36,1.0
H类住宅,17392,V2融合世界标签体系/通用分类标签/建筑与基础设施/H类住宅,17466,V2融合世界标签体系/通用分类标签/建筑与基础设施/住宅/住处/H类住宅,34,34,1.0
外套,7993,V2融合世界标签体系/通用分类标签/人造物体/商品/消费品/可穿戴设备/衣服/外衣/外套,11059,V2融合世界标签体系/通用分类标签/人造物体/覆盖物/可穿戴设备/衣服/外衣/外套,29,29,1.0
容器盒,8794,V2融合世界标签体系/通用分类标签/人造物体/容器/容器盒,8796,V2融合世界标签体系/通用分类标签/人造物体/容器/容器盒,29,29,1.0
女装,7851,V2融合世界标签体系/通用分类标签/人造物体/商品/消费品/可穿戴设备/女装,10917,V2融合世界标签体系/通用分类标签/人造物体/覆盖物/可穿戴设备/女装,28,28,1.0
打扮,7894,V2融合世界标签体系/通用分类标签/人造物体/商品/消费品/可穿戴设备/打扮,10960,V2融合世界标签体系/通用分类标签/人造物体/覆盖物/可穿戴设备/打扮,25,25,1.0
不可言说之物,7947,V2融合世界标签体系/通用分类标签/人造物体/商品/消费品/可穿戴设备/衣服/不可言说之物,11013,V2融合世界标签体系/通用分类标签/人造物体/覆盖物/可穿戴设备/衣服/不可言说之物,23,23,1.0
点,32240,V2融合世界标签体系/通用分类标签/知识与学科/点,32243,V2融合世界标签体系/通用分类标签/知识与学科/点,23,23,1.0
航空器,977,V2融合世界标签体系/通用分类标签/交通工具/航空器,982,V2融合世界标签体系/通用分类标签/交通工具/航空器,21,21,1.0
商业机构,18073,V2融合世界标签体系/通用分类标签/建筑与基础设施/机构/商业机构,18075,V2融合世界标签体系/通用分类标签/建筑与基础设施/机构/商业机构/商业机构,21,14,0.67
美国人,2190,V2融合世界标签体系/通用分类标签/人物与人体/住户/美国人,2206,V2融合世界标签体系/通用分类标签/人物与人体/住户/美国人,19,19,1.0
女裙,8049,V2融合世界标签体系/通用分类标签/人造物体/商品/消费品/可穿戴设备/衣服/女裙,11115,V2融合世界标签体系/通用分类标签/人造物体/覆盖物/可穿戴设备/衣服/女裙,17,17,1.0
鞋子,8176,V2融合世界标签体系/通用分类标签/人造物体/商品/消费品/可穿戴设备/鞋子,11242,V2融合世界标签体系/通用分类标签/人造物体/覆盖物/可穿戴设备/鞋子,17,17,1.0
印刷机,9634,V2融合世界标签体系/通用分类标签/人造物体/机器/印刷机,9635,V2融合世界标签体系/通用分类标签/人造物体/机器/印刷机,16,16,1.0
委任制军官,2363,V2融合世界标签体系/通用分类标签/人物与人体/劳动者/技术工人/军事人员群体/军官/委任制军官,2365,V2融合世界标签体系/通用分类标签/人物与人体/劳动者/技术工人/军事人员群体/军官/委任制军官/委任制军官,15,9,0.6
头具,7831,V2融合世界标签体系/通用分类标签/人造物体/商品/消费品/可穿戴设备/头具,10897,V2融合世界标签体系/通用分类标签/人造物体/覆盖物/可穿戴设备/头具,15,15,1.0
女服,7863,V2融合世界标签体系/通用分类标签/人造物体/商品/消费品/可穿戴设备/女装/女服,10929,V2融合世界标签体系/通用分类标签/人造物体/覆盖物/可穿戴设备/女装/女服,15,15,1.0
动力工具,7505,V2融合世界标签体系/通用分类标签/人造物体/动力工具,9618,V2融合世界标签体系/通用分类标签/人造物体/机器/动力工具,14,14,1.0
商人,3113,V2融合世界标签体系/通用分类标签/人物与人体/资本家/商业人士/商人,3115,V2融合世界标签体系/通用分类标签/人物与人体/资本家/商业人士/商人,13,13,1.0
防护服装,8161,V2融合世界标签体系/通用分类标签/人造物体/商品/消费品/可穿戴设备/防护服装,11227,V2融合世界标签体系/通用分类标签/人造物体/覆盖物/可穿戴设备/防护服装,13,13,1.0
刀,1216,V2融合世界标签体系/通用分类标签/人物与人体/人体部位/手臂/刀,1225,V2融合世界标签体系/通用分类标签/人物与人体/人体部位/手臂/刀,12,12,1.0
夹克,7996,V2融合世界标签体系/通用分类标签/人造物体/商品/消费品/可穿戴设备/衣服/外衣/外套/夹克,11062,V2融合世界标签体系/通用分类标签/人造物体/覆盖物/可穿戴设备/衣服/外衣/外套/夹克,12,12,1.0
袜类,8180,V2融合世界标签体系/通用分类标签/人造物体/商品/消费品/可穿戴设备/鞋子/袜类,11246,V2融合世界标签体系/通用分类标签/人造物体/覆盖物/可穿戴设备/鞋子/袜类,12,12,1.0
骑乘者,2862,V2融合世界标签体系/通用分类标签/人物与人体/旅行者/骑乘者,2865,V2融合世界标签体系/通用分类标签/人物与人体/旅行者/骑乘者,10,10,1.0
披风,8026,V2融合世界标签体系/通用分类标签/人造物体/商品/消费品/可穿戴设备/衣服/外衣/披风,11092,V2融合世界标签体系/通用分类标签/人造物体/覆盖物/可穿戴设备/衣服/外衣/披风,10,10,1.0
衬衣,8096,V2融合世界标签体系/通用分类标签/人造物体/商品/消费品/可穿戴设备/衣服/衬衣,11162,V2融合世界标签体系/通用分类标签/人造物体/覆盖物/可穿戴设备/衣服/衬衣,10,10,1.0
醋,28505,V2融合世界标签体系/通用分类标签/食物/调味品/醋,28514,V2融合世界标签体系/通用分类标签/食物/调味品/醋,10,10,1.0
天然纤维,31746,V2融合世界标签体系/通用分类标签/材料与物质/天然纤维,31748,V2融合世界标签体系/通用分类标签/材料与物质/天然纤维/天然纤维,10,8,0.8
别针,3331,V2融合世界标签体系/通用分类标签/人造物体/五金工具/紧固件/别针,3342,V2融合世界标签体系/通用分类标签/人造物体/五金工具/紧固件/别针,9,9,1.0
吸尘器,5131,V2融合世界标签体系/通用分类标签/人造物体/家用电器/吸尘器,5140,V2融合世界标签体系/通用分类标签/人造物体/家用电器/吸尘器,9,9,1.0
一套衣服,7937,V2融合世界标签体系/通用分类标签/人造物体/商品/消费品/可穿戴设备/衣服/一套衣服,11003,V2融合世界标签体系/通用分类标签/人造物体/覆盖物/可穿戴设备/衣服/一套衣服,9,9,1.0
地毯,8574,V2融合世界标签体系/通用分类标签/人造物体/家具/地毯,11268,V2融合世界标签体系/通用分类标签/人造物体/覆盖物/地板蒙布/地毯,9,9,1.0
宠物,15088,V2融合世界标签体系/通用分类标签/动物/宠物,15089,V2融合世界标签体系/通用分类标签/动物/宠物,9,9,1.0
胡蜂,15317,V2融合世界标签体系/通用分类标签/动物/无脊椎动物/节肢动物/昆虫/膜翅目昆虫/胡蜂,15321,V2融合世界标签体系/通用分类标签/动物/无脊椎动物/节肢动物/昆虫/膜翅目昆虫/胡蜂/胡蜂,9,5,0.56
球场,16177,V2融合世界标签体系/通用分类标签/场景/自然户外场景/田野/球场,16187,V2融合世界标签体系/通用分类标签/场景/自然户外场景/田野/球场,9,9,1.0
唱片,5720,V2融合世界标签体系/通用分类标签/人造物体/数码 3C 电子/存储设备/唱片,5728,V2融合世界标签体系/通用分类标签/人造物体/数码 3C 电子/存储设备/唱片,8,8,1.0
制服,7816,V2融合世界标签体系/通用分类标签/人造物体/商品/消费品/可穿戴设备/制服,10882,V2融合世界标签体系/通用分类标签/人造物体/覆盖物/可穿戴设备/制服,8,8,1.0
装备,8149,V2融合世界标签体系/通用分类标签/人造物体/商品/消费品/可穿戴设备/装备,11215,V2融合世界标签体系/通用分类标签/人造物体/覆盖物/可穿戴设备/装备,8,8,1.0
梳子,9830,V2融合世界标签体系/通用分类标签/人造物体/梳子,9831,V2融合世界标签体系/通用分类标签/人造物体/梳子,8,8,1.0
电池,10284,V2融合世界标签体系/通用分类标签/人造物体/电力设备/电池,10293,V2融合世界标签体系/通用分类标签/人造物体/电力设备/电池,8,8,1.0
粉底,10480,V2融合世界标签体系/通用分类标签/人造物体/粉底,10489,V2融合世界标签体系/通用分类标签/人造物体/粉底,8,8,1.0
油画,18964,V2融合世界标签体系/通用分类标签/文化艺术与媒介/油画,18965,V2融合世界标签体系/通用分类标签/文化艺术与媒介/油画,8,8,1.0
滑冰,25965,V2融合世界标签体系/通用分类标签/行为动作/休养/体育/滑冰,25970,V2融合世界标签体系/通用分类标签/行为动作/休养/体育/滑冰,8,8,1.0
辣椒酱,28486,V2融合世界标签体系/通用分类标签/食物/调味品/辣椒酱,28495,V2融合世界标签体系/通用分类标签/食物/调味品/辣椒酱,8,8,1.0
个性,30752,V2融合世界标签体系/通用分类标签/属性与状态/个性,30762,V2融合世界标签体系/通用分类标签/属性与状态/个性,8,8,1.0
货币,31489,V2融合世界标签体系/通用分类标签/时间数量与度量/度量/标准/交换媒介/货币,31491,V2融合世界标签体系/通用分类标签/时间数量与度量/度量/标准/交换媒介/货币,8,8,1.0
夹具,8434,V2融合世界标签体系/通用分类标签/人造物体/固定装置/夹具,8441,V2融合世界标签体系/通用分类标签/人造物体/固定装置/夹具,7,7,1.0
指针,9212,V2融合世界标签体系/通用分类标签/人造物体/指示器/指针,9213,V2融合世界标签体系/通用分类标签/人造物体/指示器/指针,7,7,1.0
雪松,20097,V2融合世界标签体系/通用分类标签/植物/乔木灌木林木/针叶树/雪松,20102,V2融合世界标签体系/通用分类标签/植物/乔木灌木林木/针叶树/雪松,7,7,1.0
导弹,1235,V2融合世界标签体系/通用分类标签/人物与人体/人体部位/手臂/导弹,1242,V2融合世界标签体系/通用分类标签/人物与人体/人体部位/手臂/导弹,6,6,1.0
兜鍪,7834,V2融合世界标签体系/通用分类标签/人造物体/商品/消费品/可穿戴设备/头具/兜鍪,10900,V2融合世界标签体系/通用分类标签/人造物体/覆盖物/可穿戴设备/头具/兜鍪,6,6,1.0
手部穿戴物,7887,V2融合世界标签体系/通用分类标签/人造物体/商品/消费品/可穿戴设备/手部穿戴物,10953,V2融合世界标签体系/通用分类标签/人造物体/覆盖物/可穿戴设备/手部穿戴物,6,6,1.0
颈部服饰,8141,V2融合世界标签体系/通用分类标签/人造物体/商品/消费品/可穿戴设备/衣服/颈部服饰,11207,V2融合世界标签体系/通用分类标签/人造物体/覆盖物/可穿戴设备/衣服/颈部服饰,6,6,1.0
粗绳,10533,V2融合世界标签体系/通用分类标签/人造物体/线/粗绳,10540,V2融合世界标签体系/通用分类标签/人造物体/线/粗绳,6,6,1.0
家鼠,11805,V2融合世界标签体系/通用分类标签/动物/哺乳动物/啮齿动物/家鼠,11810,V2融合世界标签体系/通用分类标签/动物/哺乳动物/啮齿动物/家鼠,6,6,1.0
小型马,12142,V2融合世界标签体系/通用分类标签/动物/哺乳动物/马科动物/家马/小型马,12146,V2融合世界标签体系/通用分类标签/动物/哺乳动物/马科动物/家马/小型马,6,6,1.0
甜瓜,21336,V2融合世界标签体系/通用分类标签/植物/草本竹藤植物/藤本植物/葫芦/甜瓜,29254,V2融合世界标签体系/通用分类标签/食物/农产品/食用水果/甜瓜,6,5,0.57
军火,32858,V2融合世界标签体系/IP 分类标签/地标与武器 IP/武器/军火,32863,V2融合世界标签体系/IP 分类标签/地标与武器 IP/武器/军火,6,6,1.0
管子,3277,V2融合世界标签体系/通用分类标签/人造物体/中西乐器/管乐器/管子,3283,V2融合世界标签体系/通用分类标签/人造物体/中西乐器/管乐器/管子,5,5,1.0
钟,7334,V2融合世界标签体系/通用分类标签/人造物体/信号装置/钟,8535,V2融合世界标签体系/通用分类标签/人造物体/声学装置/钟,5,5,1.0
一把剪刀,7434,V2融合世界标签体系/通用分类标签/人造物体/切割器具/切削工具/刃具/一把剪刀,8350,V2融合世界标签体系/通用分类标签/人造物体/器具/棒/杠杆/复式杠杆/一把剪刀,5,5,1.0
木工刨,7470,V2融合世界标签体系/通用分类标签/人造物体/切割器具/切削工具/刃具/木工刨,9150,V2融合世界标签体系/通用分类标签/人造物体/手工工具/木工刨,5,5,1.0
动力锯,7511,V2融合世界标签体系/通用分类标签/人造物体/动力工具/动力锯,9624,V2融合世界标签体系/通用分类标签/人造物体/机器/动力工具/动力锯,5,5,1.0
上衣,7853,V2融合世界标签体系/通用分类标签/人造物体/商品/消费品/可穿戴设备/女装/上衣,10919,V2融合世界标签体系/通用分类标签/人造物体/覆盖物/可穿戴设备/女装/上衣,5,5,1.0
套头衫,8043,V2融合世界标签体系/通用分类标签/人造物体/商品/消费品/可穿戴设备/衣服/套头衫,11109,V2融合世界标签体系/通用分类标签/人造物体/覆盖物/可穿戴设备/衣服/套头衫,5,5,1.0
带,8150,V2融合世界标签体系/通用分类标签/人造物体/商品/消费品/可穿戴设备/装备/带,11216,V2融合世界标签体系/通用分类标签/人造物体/覆盖物/可穿戴设备/装备/带,5,5,1.0
袜子,8184,V2融合世界标签体系/通用分类标签/人造物体/商品/消费品/可穿戴设备/鞋子/袜类/袜子,11250,V2融合世界标签体系/通用分类标签/人造物体/覆盖物/可穿戴设备/鞋子/袜类/袜子,5,5,1.0
海燕,14123,V2融合世界标签体系/通用分类标签/动物/鸟类/海鸟/海燕,14126,V2融合世界标签体系/通用分类标签/动物/鸟类/海鸟/海燕/海燕,5,3,0.6
天井,17651,V2融合世界标签体系/通用分类标签/建筑与基础设施/区/天井,17658,V2融合世界标签体系/通用分类标签/建筑与基础设施/区/天井,5,5,1.0
柑桔,20250,V2融合世界标签体系/通用分类标签/植物/乔木灌木林木/乔木/开花乔木/果树/柑橘属/柑桔,20254,V2融合世界标签体系/通用分类标签/植物/乔木灌木林木/乔木/开花乔木/果树/柑橘属/柑桔,5,5,1.0
甜瓜,29254,V2融合世界标签体系/通用分类标签/食物/农产品/食用水果/甜瓜,29256,V2融合世界标签体系/通用分类标签/食物/农产品/食用水果/甜瓜/甜瓜,5,3,0.6
伙伴,1993,V2融合世界标签体系/通用分类标签/人物与人体/亲属/伙伴,2552,V2融合世界标签体系/通用分类标签/人物与人体/同居伴侣/伙伴,4,4,1.0
大剪刀,7435,V2融合世界标签体系/通用分类标签/人造物体/切割器具/切削工具/刃具/一把剪刀/大剪刀,8351,V2融合世界标签体系/通用分类标签/人造物体/器具/棒/杠杆/复式杠杆/一把剪刀/大剪刀,4,4,1.0
军服,7817,V2融合世界标签体系/通用分类标签/人造物体/商品/消费品/可穿戴设备/制服/军服,10883,V2融合世界标签体系/通用分类标签/人造物体/覆盖物/可穿戴设备/制服/军服,4,4,1.0
外套服装,7825,V2融合世界标签体系/通用分类标签/人造物体/商品/消费品/可穿戴设备/外套服装,10891,V2融合世界标签体系/通用分类标签/人造物体/覆盖物/可穿戴设备/外套服装,4,4,1.0
夜礼服,7912,V2融合世界标签体系/通用分类标签/人造物体/商品/消费品/可穿戴设备/打扮/夜礼服,10978,V2融合世界标签体系/通用分类标签/人造物体/覆盖物/可穿戴设备/打扮/夜礼服,4,4,1.0
领带,8144,V2融合世界标签体系/通用分类标签/人造物体/商品/消费品/可穿戴设备/衣服/颈部服饰/领带,11210,V2融合世界标签体系/通用分类标签/人造物体/覆盖物/可穿戴设备/衣服/颈部服饰/领带,4,4,1.0
制动器,10505,V2融合世界标签体系/通用分类标签/人造物体/约束/制动器,10506,V2融合世界标签体系/通用分类标签/人造物体/约束/制动器,4,4,1.0
制动器,10505,V2融合世界标签体系/通用分类标签/人造物体/约束/制动器,10507,V2融合世界标签体系/通用分类标签/人造物体/约束/制动器/制动器,4,3,0.75
制动器,10506,V2融合世界标签体系/通用分类标签/人造物体/约束/制动器,10507,V2融合世界标签体系/通用分类标签/人造物体/约束/制动器/制动器,4,3,0.75
河鲈,13283,V2融合世界标签体系/通用分类标签/动物/水生非哺乳生物/硬骨鱼/真骨鱼/棘鳍目鱼/鲈形亚目鱼/河鲈,13288,V2融合世界标签体系/通用分类标签/动物/水生非哺乳生物/硬骨鱼/真骨鱼/棘鳍目鱼/鲈形亚目鱼/河鲈,4,4,1.0
海螺,15437,V2融合世界标签体系/通用分类标签/动物/无脊椎动物/贝类水产/单壳软体动物/海螺,15443,V2融合世界标签体系/通用分类标签/动物/无脊椎动物/贝类水产/单壳软体动物/海螺,4,4,1.0
街道,17367,V2融合世界标签体系/通用分类标签/建筑与基础设施/路桥隧道工程/公路/通道/街道,17368,V2融合世界标签体系/通用分类标签/建筑与基础设施/路桥隧道工程/公路/通道/街道,4,4,1.0
代码,19519,V2融合世界标签体系/通用分类标签/文字与信息图形/书面交流/手写/字迹/编码系统/代码,19525,V2融合世界标签体系/通用分类标签/文字与信息图形/书面交流/手写/字迹/编码系统/代码,4,4,1.0
夏南瓜,21296,V2融合世界标签体系/通用分类标签/植物/草本竹藤植物/藤本植物/南瓜藤/夏南瓜,29100,V2融合世界标签体系/通用分类标签/食物/农产品/蔬菜/壁球运动/夏南瓜,4,3,0.75
兽皮,31649,V2融合世界标签体系/通用分类标签/材料与物质/动物材料/动物产品/兽皮/兽皮,31650,V2融合世界标签体系/通用分类标签/材料与物质/动物材料/动物产品/兽皮/兽皮,4,4,1.0
流体,31843,V2融合世界标签体系/通用分类标签/材料与物质/流体,31845,V2融合世界标签体系/通用分类标签/材料与物质/流体,4,4,1.0
中央,31969,V2融合世界标签体系/通用分类标签/知识与学科/中央,31970,V2融合世界标签体系/通用分类标签/知识与学科/中央,4,4,1.0
市镇,31987,V2融合世界标签体系/通用分类标签/知识与学科/人口聚居区/市镇,32074,V2融合世界标签体系/通用分类标签/知识与学科/地区/行政区/市镇,4,4,1.0
立法者,2071,V2融合世界标签体系/通用分类标签/人物与人体/会长/立法者,2072,V2融合世界标签体系/通用分类标签/人物与人体/会长/立法者/立法者,3,2,0.67
假发,7901,V2融合世界标签体系/通用分类标签/人造物体/商品/消费品/可穿戴设备/打扮/假发,10967,V2融合世界标签体系/通用分类标签/人造物体/覆盖物/可穿戴设备/打扮/假发,3,3,1.0
地基,7969,V2融合世界标签体系/通用分类标签/人造物体/商品/消费品/可穿戴设备/衣服/不可言说之物/地基,11035,V2融合世界标签体系/通用分类标签/人造物体/覆盖物/可穿戴设备/衣服/不可言说之物/地基,3,3,1.0
防水的,8021,V2融合世界标签体系/通用分类标签/人造物体/商品/消费品/可穿戴设备/衣服/外衣/外套/防水的,11087,V2融合世界标签体系/通用分类标签/人造物体/覆盖物/可穿戴设备/衣服/外衣/外套/防水的,3,3,1.0
头部覆盖物,8039,V2融合世界标签体系/通用分类标签/人造物体/商品/消费品/可穿戴设备/衣服/头部覆盖物,11105,V2融合世界标签体系/通用分类标签/人造物体/覆盖物/可穿戴设备/衣服/头部覆盖物,3,3,1.0
护腿,8074,V2融合世界标签体系/通用分类标签/人造物体/商品/消费品/可穿戴设备/衣服/护腿,11140,V2融合世界标签体系/通用分类标签/人造物体/覆盖物/可穿戴设备/衣服/护腿,3,3,1.0
泳衣,8081,V2融合世界标签体系/通用分类标签/人造物体/商品/消费品/可穿戴设备/衣服/泳衣,11147,V2融合世界标签体系/通用分类标签/人造物体/覆盖物/可穿戴设备/衣服/泳衣,3,3,1.0
泳裤,8120,V2融合世界标签体系/通用分类标签/人造物体/商品/消费品/可穿戴设备/衣服/裤子/泳裤,11186,V2融合世界标签体系/通用分类标签/人造物体/覆盖物/可穿戴设备/衣服/裤子/泳裤,3,3,1.0
长筒袜,8190,V2融合世界标签体系/通用分类标签/人造物体/商品/消费品/可穿戴设备/鞋子/袜类/长筒袜,11256,V2融合世界标签体系/通用分类标签/人造物体/覆盖物/可穿戴设备/鞋子/袜类/长筒袜,3,3,1.0
壕沟,9238,V2融合世界标签体系/通用分类标签/人造物体/挖掘/排水沟/壕沟,9240,V2融合世界标签体系/通用分类标签/人造物体/挖掘/排水沟/壕沟,3,3,1.0
保护者,9407,V2融合世界标签体系/通用分类标签/人造物体/救援设备/保护者,9933,V2融合世界标签体系/通用分类标签/人造物体/浮子/保护者,3,3,1.0
球场,10729,V2融合世界标签体系/通用分类标签/人造物体/装置/球场,10735,V2融合世界标签体系/通用分类标签/人造物体/装置/球场,3,3,1.0
石首鱼,13306,V2融合世界标签体系/通用分类标签/动物/水生非哺乳生物/硬骨鱼/真骨鱼/棘鳍目鱼/鲈形亚目鱼/石首鱼科的鱼/石首鱼,13309,V2融合世界标签体系/通用分类标签/动物/水生非哺乳生物/硬骨鱼/真骨鱼/棘鳍目鱼/鲈形亚目鱼/石首鱼科的鱼/石首鱼,3,3,1.0
塘鹅,14144,V2融合世界标签体系/通用分类标签/动物/鸟类/海鸟/鹈形目海鸟/塘鹅,14147,V2融合世界标签体系/通用分类标签/动物/鸟类/海鸟/鹈形目海鸟/塘鹅,3,3,1.0
谷蛾,15368,V2融合世界标签体系/通用分类标签/动物/无脊椎动物/节肢动物/昆虫/鳞翅目昆虫/蛾/谷蛾,15369,V2融合世界标签体系/通用分类标签/动物/无脊椎动物/节肢动物/昆虫/鳞翅目昆虫/蛾/谷蛾/谷蛾,3,2,0.67
市场广场,16948,V2融合世界标签体系/通用分类标签/建筑与基础设施/商业办公建筑/市场/市场广场,16949,V2融合世界标签体系/通用分类标签/建筑与基础设施/商业办公建筑/市场/市场广场,3,3,1.0
乡村别墅,17393,V2融合世界标签体系/通用分类标签/建筑与基础设施/H类住宅/乡村别墅,17467,V2融合世界标签体系/通用分类标签/建筑与基础设施/住宅/住处/H类住宅/乡村别墅,3,3,1.0
工作室,18864,V2融合世界标签体系/通用分类标签/文化艺术与媒介/工作室,18867,V2融合世界标签体系/通用分类标签/文化艺术与媒介/工作室,3,3,1.0
月季,20605,V2融合世界标签体系/通用分类标签/植物/乔木灌木林木/灌木/月季,20606,V2融合世界标签体系/通用分类标签/植物/乔木灌木林木/灌木/月季,3,3,1.0
子囊菌,22999,V2融合世界标签体系/通用分类标签/真菌与微生物/菌类/子囊菌,23000,V2融合世界标签体系/通用分类标签/真菌与微生物/菌类/子囊菌,3,3,1.0
土豆,29108,V2融合世界标签体系/通用分类标签/食物/农产品/蔬菜/根菜类/土豆,29130,V2融合世界标签体系/通用分类标签/食物/农产品/蔬菜/茄科蔬菜/土豆,3,3,1.0
豌豆,29165,V2融合世界标签体系/通用分类标签/食物/农产品/蔬菜/豆科植物/豌豆,29166,V2融合世界标签体系/通用分类标签/食物/农产品/蔬菜/豆科植物/豌豆/豌豆,3,2,0.67
橘子,29214,V2融合世界标签体系/通用分类标签/食物/农产品/食用水果/柑橘属/橘子,29218,V2融合世界标签体系/通用分类标签/食物/农产品/食用水果/柑橘属/橘子,3,3,1.0
布丁,29767,V2融合世界标签体系/通用分类标签/食物/路线/点心/布丁,29769,V2融合世界标签体系/通用分类标签/食物/路线/点心/布丁,3,3,1.0
果汁,29817,V2融合世界标签体系/通用分类标签/食物/食品/果汁,29821,V2融合世界标签体系/通用分类标签/食物/食品/果汁,3,3,1.0
不动产,30738,V2融合世界标签体系/通用分类标签/属性与状态/不动产,30739,V2融合世界标签体系/通用分类标签/属性与状态/不动产/不动产,3,2,0.67
分数,31304,V2融合世界标签体系/通用分类标签/时间数量与度量/一定量/复数/实数/有理数/分数,31305,V2融合世界标签体系/通用分类标签/时间数量与度量/一定量/复数/实数/有理数/分数/分数,3,2,0.67
动物纤维,31660,V2融合世界标签体系/通用分类标签/材料与物质/动物材料/动物产品/动物纤维,31749,V2融合世界标签体系/通用分类标签/材料与物质/天然纤维/天然纤维/动物纤维,3,3,1.0
天然树脂,31690,V2融合世界标签体系/通用分类标签/材料与物质/化合物/有机化合物/松香/天然树脂,31812,V2融合世界标签体系/通用分类标签/材料与物质/植物材料/植物产品/天然树脂,3,3,1.0
植物纤维,31753,V2融合世界标签体系/通用分类标签/材料与物质/天然纤维/天然纤维/植物纤维,31816,V2融合世界标签体系/通用分类标签/材料与物质/植物材料/植物产品/植物纤维,3,3,1.0
烟草,31820,V2融合世界标签体系/通用分类标签/材料与物质/植物材料/植物产品/烟草,31834,V2融合世界标签体系/通用分类标签/材料与物质/毒品/毒品/烟草,3,3,1.0
配件,32423,V2融合世界标签体系/通用分类标签/知识与学科/配件,32424,V2融合世界标签体系/通用分类标签/知识与学科/配件/配件,3,2,0.67
军用飞机,695,V2融合世界标签体系/通用分类标签/交通工具/军用车/军用飞机,987,V2融合世界标签体系/通用分类标签/交通工具/航空器/重于空气航空器/军用飞机,2,2,1.0
新婚,1995,V2融合世界标签体系/通用分类标签/人物与人体/亲属/伙伴/新婚,2554,V2融合世界标签体系/通用分类标签/人物与人体/同居伴侣/伙伴/新婚,2,2,1.0
任职者,2453,V2融合世界标签体系/通用分类标签/人物与人体/劳动者/职员/任职者,2767,V2融合世界标签体系/通用分类标签/人物与人体/所有者/容器/任职者,2,2,1.0
扣子,3354,V2融合世界标签体系/通用分类标签/人造物体/五金工具/紧固件/扣子,3357,V2融合世界标签体系/通用分类标签/人造物体/五金工具/紧固件/扣子,2,2,1.0
CD,5716,V2融合世界标签体系/通用分类标签/人造物体/数码 3C 电子/存储设备/光盘/CD,5721,V2融合世界标签体系/通用分类标签/人造物体/数码 3C 电子/存储设备/唱片/CD,2,2,1.0
女帽,6057,V2融合世界标签体系/通用分类标签/人造物体/服饰全品/帽子/女帽,6060,V2融合世界标签体系/通用分类标签/人造物体/服饰全品/帽子/女帽,2,2,1.0
凿子,7440,V2融合世界标签体系/通用分类标签/人造物体/切割器具/切削工具/刃具/凿子,7441,V2融合世界标签体系/通用分类标签/人造物体/切割器具/切削工具/刃具/凿子,2,2,1.0
网眼织物,7762,V2融合世界标签体系/通用分类标签/人造物体/台布/网眼织物,7765,V2融合世界标签体系/通用分类标签/人造物体/台布/网眼织物,2,2,1.0
珠饰头饰,7847,V2融合世界标签体系/通用分类标签/人造物体/商品/消费品/可穿戴设备/头具/珠饰头饰,10913,V2融合世界标签体系/通用分类标签/人造物体/覆盖物/可穿戴设备/头具/珠饰头饰,2,2,1.0
全套服装,7905,V2融合世界标签体系/通用分类标签/人造物体/商品/消费品/可穿戴设备/打扮/全套服装,10971,V2融合世界标签体系/通用分类标签/人造物体/覆盖物/可穿戴设备/打扮/全套服装,2,2,1.0
剧装,7908,V2融合世界标签体系/通用分类标签/人造物体/商品/消费品/可穿戴设备/打扮/剧装,10974,V2融合世界标签体系/通用分类标签/人造物体/覆盖物/可穿戴设备/打扮/剧装,2,2,1.0
服装,7923,V2融合世界标签体系/通用分类标签/人造物体/商品/消费品/可穿戴设备/服装,10989,V2融合世界标签体系/通用分类标签/人造物体/覆盖物/可穿戴设备/服装,2,2,1.0
男式睡衣上衣,7930,V2融合世界标签体系/通用分类标签/人造物体/商品/消费品/可穿戴设备/男式睡衣上衣,10996,V2融合世界标签体系/通用分类标签/人造物体/覆盖物/可穿戴设备/男式睡衣上衣,2,2,1.0
商务西装,7942,V2融合世界标签体系/通用分类标签/人造物体/商品/消费品/可穿戴设备/衣服/一套衣服/商务西装,11008,V2融合世界标签体系/通用分类标签/人造物体/覆盖物/可穿戴设备/衣服/一套衣服/商务西装,2,2,1.0
女内衣,7953,V2融合世界标签体系/通用分类标签/人造物体/商品/消费品/可穿戴设备/衣服/不可言说之物/内衣/女内衣,11019,V2融合世界标签体系/通用分类标签/人造物体/覆盖物/可穿戴设备/衣服/不可言说之物/内衣/女内衣,2,2,1.0
毛皮大衣,8013,V2融合世界标签体系/通用分类标签/人造物体/商品/消费品/可穿戴设备/衣服/外衣/外套/毛皮大衣,11079,V2融合世界标签体系/通用分类标签/人造物体/覆盖物/可穿戴设备/衣服/外衣/外套/毛皮大衣,2,2,1.0
紧身裤袜,8181,V2融合世界标签体系/通用分类标签/人造物体/商品/消费品/可穿戴设备/鞋子/袜类/紧身裤袜,11247,V2融合世界标签体系/通用分类标签/人造物体/覆盖物/可穿戴设备/鞋子/袜类/紧身裤袜,2,2,1.0
垂挂织物,8584,V2融合世界标签体系/通用分类标签/人造物体/家具/垂挂织物,10799,V2融合世界标签体系/通用分类标签/人造物体/覆盖物/保护/屏幕/垂挂织物,2,2,1.0
花瓶/瓶,8753,V2融合世界标签体系/通用分类标签/人造物体/容器/器皿/花瓶/瓶,8917,V2融合世界标签体系/通用分类标签/人造物体/容器/花瓶/瓶,2,2,1.0
游泳池,9247,V2融合世界标签体系/通用分类标签/人造物体/挖掘/池/游泳池,10704,V2融合世界标签体系/通用分类标签/人造物体/装置/体育设备/游泳池,2,2,1.0
窗台,9385,V2融合世界标签体系/通用分类标签/人造物体/支持/结构构件/窗台,9386,V2融合世界标签体系/通用分类标签/人造物体/支持/结构构件/窗台,2,2,1.0
卷绕器,9508,V2融合世界标签体系/通用分类标签/人造物体/机制/机械装置/卷绕器,9512,V2融合世界标签体系/通用分类标签/人造物体/机制/机械装置/卷绕器,2,2,1.0
水轮,9547,V2融合世界标签体系/通用分类标签/人造物体/机制/机械装置/机器/车轮/水轮,9550,V2融合世界标签体系/通用分类标签/人造物体/机制/机械装置/机器/车轮/水轮,2,2,1.0
点式打印机,9643,V2融合世界标签体系/通用分类标签/人造物体/机器/印刷机/打印机/点式打印机,10365,V2融合世界标签体系/通用分类标签/人造物体/电子设备/外围设备/打印机/点式打印机,2,2,1.0
台球,9965,V2融合世界标签体系/通用分类标签/人造物体/游戏器材/球/台球,9967,V2融合世界标签体系/通用分类标签/人造物体/游戏器材/球/台球,2,2,1.0
小键盘,10371,V2融合世界标签体系/通用分类标签/人造物体/电子设备/外围设备/数据输入装置/小键盘,11616,V2融合世界标签体系/通用分类标签/人造物体/键盘/小键盘,2,2,1.0
监控器,10405,V2融合世界标签体系/通用分类标签/人造物体/电子设备/监控器,10407,V2融合世界标签体系/通用分类标签/人造物体/电子设备/监控器,2,2,1.0
桌面,10637,V2融合世界标签体系/通用分类标签/人造物体/表面/工作台面/桌面,10646,V2融合世界标签体系/通用分类标签/人造物体/表面/桌面,2,2,1.0
地垫,11264,V2融合世界标签体系/通用分类标签/人造物体/覆盖物/地板蒙布/地垫,11265,V2融合世界标签体系/通用分类标签/人造物体/覆盖物/地板蒙布/地垫,2,2,1.0
树蛙,11711,V2融合世界标签体系/通用分类标签/动物/两栖动物/树蛙,11714,V2融合世界标签体系/通用分类标签/动物/两栖动物/树蛙,2,2,1.0
树蛙,11711,V2融合世界标签体系/通用分类标签/动物/两栖动物/树蛙,11715,V2融合世界标签体系/通用分类标签/动物/两栖动物/树蛙,2,2,1.0
树蛙,11714,V2融合世界标签体系/通用分类标签/动物/两栖动物/树蛙,11715,V2融合世界标签体系/通用分类标签/动物/两栖动物/树蛙,2,2,1.0
宽吻海豚,12497,V2融合世界标签体系/通用分类标签/动物/哺乳动物/有胎盘的/水栖哺乳动物/鲸目动物/鲸/齿鲸/海豚/宽吻海豚,12500,V2融合世界标签体系/通用分类标签/动物/哺乳动物/有胎盘的/水栖哺乳动物/鲸目动物/鲸/齿鲸/海豚/宽吻海豚,2,2,1.0
绿蛇,13756,V2融合世界标签体系/通用分类标签/动物/爬行动物/蛇类/游蛇科蛇/绿蛇,13759,V2融合世界标签体系/通用分类标签/动物/爬行动物/蛇类/游蛇科蛇/绿蛇,2,2,1.0
小鸡,14058,V2融合世界标签体系/通用分类标签/动物/鸟类/家禽/原鸡/小鸡,14059,V2融合世界标签体系/通用分类标签/动物/鸟类/家禽/原鸡/小鸡,2,2,1.0
角鸮,14289,V2融合世界标签体系/通用分类标签/动物/鸟类/猛禽/夜鸟/角鸮,14291,V2融合世界标签体系/通用分类标签/动物/鸟类/猛禽/夜鸟/角鸮,2,2,1.0
山雀,14376,V2融合世界标签体系/通用分类标签/动物/鸟类/鸣禽/山雀/山雀,14377,V2融合世界标签体系/通用分类标签/动物/鸟类/鸣禽/山雀/山雀,2,2,1.0
崖沙燕,14418,V2融合世界标签体系/通用分类标签/动物/鸟类/鸣禽/燕子/崖沙燕,14421,V2融合世界标签体系/通用分类标签/动物/鸟类/鸣禽/燕子/崖沙燕,2,2,1.0
百灵,14423,V2融合世界标签体系/通用分类标签/动物/鸟类/鸣禽/百灵,14425,V2融合世界标签体系/通用分类标签/动物/鸟类/鸣禽/百灵,2,2,1.0
凤头鹦鹉,14995,V2融合世界标签体系/通用分类标签/动物/鸟类/鹦鹉/凤头鹦鹉,14998,V2融合世界标签体系/通用分类标签/动物/鸟类/鹦鹉/凤头鹦鹉,2,2,1.0
联排住宅,17431,V2融合世界标签体系/通用分类标签/建筑与基础设施/H类住宅/联排住宅,17505,V2融合世界标签体系/通用分类标签/建筑与基础设施/住宅/住处/H类住宅/联排住宅,2,2,1.0
书信,19493,V2融合世界标签体系/通用分类标签/文字与信息图形/书信,19503,V2融合世界标签体系/通用分类标签/文字与信息图形/书面交流/原文/书信,2,2,1.0
交通标志,19858,V2融合世界标签体系/通用分类标签/文字与信息图形/标志/交通标志,19871,V2融合世界标签体系/通用分类标签/文字与信息图形/标志/道路标志/交通标志,2,2,1.0
公告,19994,V2融合世界标签体系/通用分类标签/文字与信息图形/陈述/公告,19995,V2融合世界标签体系/通用分类标签/文字与信息图形/陈述/公告,2,2,1.0
蜀葵,20664,V2融合世界标签体系/通用分类标签/植物/乔木灌木林木/灌木/锦葵/蜀葵,20666,V2融合世界标签体系/通用分类标签/植物/乔木灌木林木/灌木/锦葵/蜀葵,2,2,1.0
桶形仙人掌,21539,V2融合世界标签体系/通用分类标签/植物/多肉/仙人掌/桶形仙人掌,21540,V2融合世界标签体系/通用分类标签/植物/多肉/仙人掌/桶形仙人掌,2,2,1.0
火烧兰,21657,V2融合世界标签体系/通用分类标签/植物/显花植物/开花植物/开花植物/兰科植物/火烧兰,21658,V2融合世界标签体系/通用分类标签/植物/显花植物/开花植物/开花植物/兰科植物/火烧兰,2,2,1.0
繁缕,22550,V2融合世界标签体系/通用分类标签/植物/草本植物/繁缕,22552,V2融合世界标签体系/通用分类标签/植物/草本植物/繁缕,2,2,1.0
出卖,26168,V2融合世界标签体系/通用分类标签/行为动作/出卖,26171,V2融合世界标签体系/通用分类标签/行为动作/出卖,2,2,1.0
奶酪火锅,28840,V2融合世界标签体系/通用分类标签/食物/一道菜/奶酪火锅,28843,V2融合世界标签体系/通用分类标签/食物/一道菜/奶酪火锅,2,2,1.0
奶,29323,V2融合世界标签体系/通用分类标签/食物/奶,29325,V2融合世界标签体系/通用分类标签/食物/奶,2,2,1.0
饮食,29480,V2融合世界标签体系/通用分类标签/食物/票价/饮食,29483,V2融合世界标签体系/通用分类标签/食物/票价/饮食,2,2,1.0
硬币,31494,V2融合世界标签体系/通用分类标签/时间数量与度量/度量/标准/交换媒介/货币/硬币,31495,V2融合世界标签体系/通用分类标签/时间数量与度量/度量/标准/交换媒介/货币/硬币,2,2,1.0
烟草卷,31821,V2融合世界标签体系/通用分类标签/材料与物质/植物材料/植物产品/烟草/烟草卷,31835,V2融合世界标签体系/通用分类标签/材料与物质/毒品/毒品/烟草/烟草卷,2,2,1.0
城,31988,V2融合世界标签体系/通用分类标签/知识与学科/人口聚居区/市镇/城,31990,V2融合世界标签体系/通用分类标签/知识与学科/人口聚居区/市镇/城,2,2,1.0
城,31988,V2融合世界标签体系/通用分类标签/知识与学科/人口聚居区/市镇/城,32075,V2融合世界标签体系/通用分类标签/知识与学科/地区/行政区/市镇/城,2,2,1.0
城,31988,V2融合世界标签体系/通用分类标签/知识与学科/人口聚居区/市镇/城,32077,V2融合世界标签体系/通用分类标签/知识与学科/地区/行政区/市镇/城,2,2,1.0
城,31990,V2融合世界标签体系/通用分类标签/知识与学科/人口聚居区/市镇/城,32075,V2融合世界标签体系/通用分类标签/知识与学科/地区/行政区/市镇/城,2,2,1.0
城,31990,V2融合世界标签体系/通用分类标签/知识与学科/人口聚居区/市镇/城,32077,V2融合世界标签体系/通用分类标签/知识与学科/地区/行政区/市镇/城,2,2,1.0
城,32075,V2融合世界标签体系/通用分类标签/知识与学科/地区/行政区/市镇/城,32077,V2融合世界标签体系/通用分类标签/知识与学科/地区/行政区/市镇/城,2,2,1.0
出租马车,266,V2融合世界标签体系/通用分类标签/交通工具/畜力与传统载具/马车/出租马车,268,V2融合世界标签体系/通用分类标签/交通工具/畜力与传统载具/马车/出租马车,1,1,1.0
轰炸机,696,V2融合世界标签体系/通用分类标签/交通工具/军用车/军用飞机/轰炸机,988,V2融合世界标签体系/通用分类标签/交通工具/航空器/重于空气航空器/军用飞机/轰炸机,1,1,1.0
轰炸机,696,V2融合世界标签体系/通用分类标签/交通工具/军用车/军用飞机/轰炸机,1001,V2融合世界标签体系/通用分类标签/交通工具/航空器/重于空气航空器/飞机/轰炸机,1,1,1.0
拖车,865,V2融合世界标签体系/通用分类标签/交通工具/拖车,866,V2融合世界标签体系/通用分类标签/交通工具/拖车,1,1,1.0
轰炸机,988,V2融合世界标签体系/通用分类标签/交通工具/航空器/重于空气航空器/军用飞机/轰炸机,1001,V2融合世界标签体系/通用分类标签/交通工具/航空器/重于空气航空器/飞机/轰炸机,1,1,1.0
高性能汽车,1109,V2融合世界标签体系/通用分类标签/交通工具/轮式车辆/自行式车辆/机动车/机动车/高性能汽车,1116,V2融合世界标签体系/通用分类标签/交通工具/轮式车辆/自行式车辆/机动车/高性能汽车,1,1,1.0
半自动手枪,1260,V2融合世界标签体系/通用分类标签/人物与人体/人体部位/手臂/手枪/一件/半自动枪炮/半自动枪械/半自动手枪,1279,V2融合世界标签体系/通用分类标签/人物与人体/人体部位/手臂/手枪/一件/手枪/半自动手枪,1,1,1.0
自动步枪,1271,V2融合世界标签体系/通用分类标签/人物与人体/人体部位/手臂/手枪/一件/半自动枪炮/自动枪/机关枪/自动步枪,1274,V2融合世界标签体系/通用分类标签/人物与人体/人体部位/手臂/手枪/一件/半自动枪炮/自动枪/自动步枪,1,1,1.0
告密者,2113,V2融合世界标签体系/通用分类标签/人物与人体/传播者/告密者,2114,V2融合世界标签体系/通用分类标签/人物与人体/传播者/告密者/告密者,1,1,1.0
元首,2129,V2融合世界标签体系/通用分类标签/人物与人体/传播者/谈判者/代表/国家元首/元首,2795,V2融合世界标签体系/通用分类标签/人物与人体/摇摆者/元首,1,1,1.0
水兵,2395,V2融合世界标签体系/通用分类标签/人物与人体/劳动者/技术工人/军事人员群体/水兵,2397,V2融合世界标签体系/通用分类标签/人物与人体/劳动者/技术工人/军事人员群体/水兵,1,1,1.0
挣钱者,2454,V2融合世界标签体系/通用分类标签/人物与人体/劳动者/职员/任职者/挣钱者,2768,V2融合世界标签体系/通用分类标签/人物与人体/所有者/容器/任职者/挣钱者,1,1,1.0
大人物,2659,V2融合世界标签体系/通用分类标签/人物与人体/大人/有影响力的人/大人物,2661,V2融合世界标签体系/通用分类标签/人物与人体/大人/有影响力的人/大人物,1,1,1.0
便利设施,7317,V2融合世界标签体系/通用分类标签/人造物体/便利设施,7319,V2融合世界标签体系/通用分类标签/人造物体/便利设施,1,1,1.0
口哨声,7331,V2融合世界标签体系/通用分类标签/人造物体/信号装置/口哨声,8530,V2融合世界标签体系/通用分类标签/人造物体/声学装置/口哨声,1,1,1.0
修枝剪刀,7436,V2融合世界标签体系/通用分类标签/人造物体/切割器具/切削工具/刃具/一把剪刀/大剪刀/修枝剪刀,8352,V2融合世界标签体系/通用分类标签/人造物体/器具/棒/杠杆/复式杠杆/一把剪刀/大剪刀/修枝剪刀,1,1,1.0
动力锤,7509,V2融合世界标签体系/通用分类标签/人造物体/动力工具/动力锤,9622,V2融合世界标签体系/通用分类标签/人造物体/机器/动力工具/动力锤,1,1,1.0
圆形锯,7512,V2融合世界标签体系/通用分类标签/人造物体/动力工具/动力锯/圆形锯,9625,V2融合世界标签体系/通用分类标签/人造物体/机器/动力工具/动力锯/圆形锯,1,1,1.0
单人床,7540,V2融合世界标签体系/通用分类标签/人造物体/卧室家具/床/单人床,7541,V2融合世界标签体系/通用分类标签/人造物体/卧室家具/床/单人床,1,1,1.0
前帆,7618,V2融合世界标签体系/通用分类标签/人造物体/台布/一块布/帆/前帆,7620,V2融合世界标签体系/通用分类标签/人造物体/台布/一块布/帆/前帆,1,1,1.0
浴巾,7641,V2融合世界标签体系/通用分类标签/人造物体/台布/一块布/毛巾/浴巾,8213,V2融合世界标签体系/通用分类标签/人造物体/商品/纺织品/大型白色家电/亚麻制品/浴室亚麻布/浴巾,1,1,1.0
帆布,7696,V2融合世界标签体系/通用分类标签/人造物体/台布/帆布,7697,V2融合世界标签体系/通用分类标签/人造物体/台布/帆布,1,1,1.0
帆布,7696,V2融合世界标签体系/通用分类标签/人造物体/台布/帆布,7699,V2融合世界标签体系/通用分类标签/人造物体/台布/帆布,1,1,1.0
帆布,7697,V2融合世界标签体系/通用分类标签/人造物体/台布/帆布,7699,V2融合世界标签体系/通用分类标签/人造物体/台布/帆布,1,1,1.0
女式衬衫,7855,V2融合世界标签体系/通用分类标签/人造物体/商品/消费品/可穿戴设备/女装/上衣/女式衬衫,10921,V2融合世界标签体系/通用分类标签/人造物体/覆盖物/可穿戴设备/女装/上衣/女式衬衫,1,1,1.0
乳搭,7859,V2融合世界标签体系/通用分类标签/人造物体/商品/消费品/可穿戴设备/女装/乳搭,7948,V2融合世界标签体系/通用分类标签/人造物体/商品/消费品/可穿戴设备/衣服/不可言说之物/乳搭,1,1,1.0
乳搭,7859,V2融合世界标签体系/通用分类标签/人造物体/商品/消费品/可穿戴设备/女装/乳搭,10925,V2融合世界标签体系/通用分类标签/人造物体/覆盖物/可穿戴设备/女装/乳搭,1,1,1.0
乳搭,7859,V2融合世界标签体系/通用分类标签/人造物体/商品/消费品/可穿戴设备/女装/乳搭,11014,V2融合世界标签体系/通用分类标签/人造物体/覆盖物/可穿戴设备/衣服/不可言说之物/乳搭,1,1,1.0
女式晨衣,7861,V2融合世界标签体系/通用分类标签/人造物体/商品/消费品/可穿戴设备/女装/女式晨衣,10927,V2融合世界标签体系/通用分类标签/人造物体/覆盖物/可穿戴设备/女装/女式晨衣,1,1,1.0
习惯,7895,V2融合世界标签体系/通用分类标签/人造物体/商品/消费品/可穿戴设备/打扮/习惯,10961,V2融合世界标签体系/通用分类标签/人造物体/覆盖物/可穿戴设备/打扮/习惯,1,1,1.0
假面具,7898,V2融合世界标签体系/通用分类标签/人造物体/商品/消费品/可穿戴设备/打扮/伪装/假面具,10857,V2融合世界标签体系/通用分类标签/人造物体/覆盖物/假面具,1,1,1.0
假面具,7898,V2融合世界标签体系/通用分类标签/人造物体/商品/消费品/可穿戴设备/打扮/伪装/假面具,10964,V2融合世界标签体系/通用分类标签/人造物体/覆盖物/可穿戴设备/打扮/伪装/假面具,1,1,1.0
服装,7918,V2融合世界标签体系/通用分类标签/人造物体/商品/消费品/可穿戴设备/打扮/服装,10984,V2融合世界标签体系/通用分类标签/人造物体/覆盖物/可穿戴设备/打扮/服装,1,1,1.0
运动休闲服,7920,V2融合世界标签体系/通用分类标签/人造物体/商品/消费品/可穿戴设备/打扮/运动休闲服,10986,V2融合世界标签体系/通用分类标签/人造物体/覆盖物/可穿戴设备/打扮/运动休闲服,1,1,1.0
男装,7933,V2融合世界标签体系/通用分类标签/人造物体/商品/消费品/可穿戴设备/男装,10999,V2融合世界标签体系/通用分类标签/人造物体/覆盖物/可穿戴设备/男装,1,1,1.0
休闲长裤套装,7938,V2融合世界标签体系/通用分类标签/人造物体/商品/消费品/可穿戴设备/衣服/一套衣服/休闲长裤套装,11004,V2融合世界标签体系/通用分类标签/人造物体/覆盖物/可穿戴设备/衣服/一套衣服/休闲长裤套装,1,1,1.0
乳搭,7948,V2融合世界标签体系/通用分类标签/人造物体/商品/消费品/可穿戴设备/衣服/不可言说之物/乳搭,10925,V2融合世界标签体系/通用分类标签/人造物体/覆盖物/可穿戴设备/女装/乳搭,1,1,1.0
乳搭,7948,V2融合世界标签体系/通用分类标签/人造物体/商品/消费品/可穿戴设备/衣服/不可言说之物/乳搭,11014,V2融合世界标签体系/通用分类标签/人造物体/覆盖物/可穿戴设备/衣服/不可言说之物/乳搭,1,1,1.0
半身衬裙,7966,V2融合世界标签体系/通用分类标签/人造物体/商品/消费品/可穿戴设备/衣服/不可言说之物/半身衬裙,11032,V2融合世界标签体系/通用分类标签/人造物体/覆盖物/可穿戴设备/衣服/不可言说之物/半身衬裙,1,1,1.0
束腰,7970,V2融合世界标签体系/通用分类标签/人造物体/商品/消费品/可穿戴设备/衣服/不可言说之物/地基/束腰,11036,V2融合世界标签体系/通用分类标签/人造物体/覆盖物/可穿戴设备/衣服/不可言说之物/地基/束腰,1,1,1.0
厚呢长大衣,7994,V2融合世界标签体系/通用分类标签/人造物体/商品/消费品/可穿戴设备/衣服/外衣/外套/厚呢长大衣,11060,V2融合世界标签体系/通用分类标签/人造物体/覆盖物/可穿戴设备/衣服/外衣/外套/厚呢长大衣,1,1,1.0
派克大衣,8002,V2融合世界标签体系/通用分类标签/人造物体/商品/消费品/可穿戴设备/衣服/外衣/外套/夹克/派克大衣,11068,V2融合世界标签体系/通用分类标签/人造物体/覆盖物/可穿戴设备/衣服/外衣/外套/夹克/派克大衣,1,1,1.0
橡皮布防水衣,8022,V2融合世界标签体系/通用分类标签/人造物体/商品/消费品/可穿戴设备/衣服/外衣/外套/防水的/橡皮布防水衣,11088,V2融合世界标签体系/通用分类标签/人造物体/覆盖物/可穿戴设备/衣服/外衣/外套/防水的/橡皮布防水衣,1,1,1.0
托加长袍,8028,V2融合世界标签体系/通用分类标签/人造物体/商品/消费品/可穿戴设备/衣服/外衣/披风/托加长袍,11094,V2融合世界标签体系/通用分类标签/人造物体/覆盖物/可穿戴设备/衣服/外衣/披风/托加长袍,1,1,1.0
披肩,8030,V2融合世界标签体系/通用分类标签/人造物体/商品/消费品/可穿戴设备/衣服/外衣/披风/披肩,8031,V2融合世界标签体系/通用分类标签/人造物体/商品/消费品/可穿戴设备/衣服/外衣/披风/披肩,1,1,1.0
披肩,8030,V2融合世界标签体系/通用分类标签/人造物体/商品/消费品/可穿戴设备/衣服/外衣/披风/披肩,11096,V2融合世界标签体系/通用分类标签/人造物体/覆盖物/可穿戴设备/衣服/外衣/披风/披肩,1,1,1.0
披肩,8030,V2融合世界标签体系/通用分类标签/人造物体/商品/消费品/可穿戴设备/衣服/外衣/披风/披肩,11097,V2融合世界标签体系/通用分类标签/人造物体/覆盖物/可穿戴设备/衣服/外衣/披风/披肩,1,1,1.0
披肩,8031,V2融合世界标签体系/通用分类标签/人造物体/商品/消费品/可穿戴设备/衣服/外衣/披风/披肩,11096,V2融合世界标签体系/通用分类标签/人造物体/覆盖物/可穿戴设备/衣服/外衣/披风/披肩,1,1,1.0
披肩,8031,V2融合世界标签体系/通用分类标签/人造物体/商品/消费品/可穿戴设备/衣服/外衣/披风/披肩,11097,V2融合世界标签体系/通用分类标签/人造物体/覆盖物/可穿戴设备/衣服/外衣/披风/披肩,1,1,1.0
束腰外衣,8034,V2融合世界标签体系/通用分类标签/人造物体/商品/消费品/可穿戴设备/衣服/外衣/披风/束腰外衣,11100,V2融合世界标签体系/通用分类标签/人造物体/覆盖物/可穿戴设备/衣服/外衣/披风/束腰外衣,1,1,1.0
面纱,8041,V2融合世界标签体系/通用分类标签/人造物体/商品/消费品/可穿戴设备/衣服/头部覆盖物/面纱,11107,V2融合世界标签体系/通用分类标签/人造物体/覆盖物/可穿戴设备/衣服/头部覆盖物/面纱,1,1,1.0
套头衫,8044,V2融合世界标签体系/通用分类标签/人造物体/商品/消费品/可穿戴设备/衣服/套头衫/套头衫,11110,V2融合世界标签体系/通用分类标签/人造物体/覆盖物/可穿戴设备/衣服/套头衫/套头衫,1,1,1.0
抽褶裙,8054,V2融合世界标签体系/通用分类标签/人造物体/商品/消费品/可穿戴设备/衣服/女裙/抽褶裙,11120,V2融合世界标签体系/通用分类标签/人造物体/覆盖物/可穿戴设备/衣服/女裙/抽褶裙,1,1,1.0
及膝短裤,8112,V2融合世界标签体系/通用分类标签/人造物体/商品/消费品/可穿戴设备/衣服/裤子/及膝短裤,11178,V2融合世界标签体系/通用分类标签/人造物体/覆盖物/可穿戴设备/衣服/裤子/及膝短裤,1,1,1.0
工装裤,8115,V2融合世界标签体系/通用分类标签/人造物体/商品/消费品/可穿戴设备/衣服/裤子/工装裤,11181,V2融合世界标签体系/通用分类标签/人造物体/覆盖物/可穿戴设备/衣服/裤子/工装裤,1,1,1.0
蝴蝶结领带,8147,V2融合世界标签体系/通用分类标签/人造物体/商品/消费品/可穿戴设备/衣服/颈部服饰/领带/蝴蝶结领带,11213,V2融合世界标签体系/通用分类标签/人造物体/覆盖物/可穿戴设备/衣服/颈部服饰/领带/蝴蝶结领带,1,1,1.0
安全吊带,8152,V2融合世界标签体系/通用分类标签/人造物体/商品/消费品/可穿戴设备/装备/带/安全吊带,10514,V2融合世界标签体系/通用分类标签/人造物体/约束/安全吊带,1,1,1.0
安全吊带,8152,V2融合世界标签体系/通用分类标签/人造物体/商品/消费品/可穿戴设备/装备/带/安全吊带,11218,V2融合世界标签体系/通用分类标签/人造物体/覆盖物/可穿戴设备/装备/带/安全吊带,1,1,1.0
增压服,8163,V2融合世界标签体系/通用分类标签/人造物体/商品/消费品/可穿戴设备/防护服装/增压服,11229,V2融合世界标签体系/通用分类标签/人造物体/覆盖物/可穿戴设备/防护服装/增压服,1,1,1.0
颈饰,8195,V2融合世界标签体系/通用分类标签/人造物体/商品/消费品/可穿戴设备/颈饰,11261,V2融合世界标签体系/通用分类标签/人造物体/覆盖物/可穿戴设备/颈饰,1,1,1.0
牙刷,8243,V2融合世界标签体系/通用分类标签/人造物体/器具/刷/牙刷,9925,V2融合世界标签体系/通用分类标签/人造物体/洗漱用品/牙刷,1,1,1.0
牙刷,8243,V2融合世界标签体系/通用分类标签/人造物体/器具/刷/牙刷,30452,V2融合世界标签体系/通用分类标签/声音/牙刷,1,1,1.0
一把手钳,8356,V2融合世界标签体系/通用分类标签/人造物体/器具/棒/杠杆/复式杠杆/一把手钳,8429,V2融合世界标签体系/通用分类标签/人造物体/固定装置/一把手钳,1,1,1.0
一把手钳,8356,V2融合世界标签体系/通用分类标签/人造物体/器具/棒/杠杆/复式杠杆/一把手钳,9113,V2融合世界标签体系/通用分类标签/人造物体/手工工具/一把手钳,1,1,1.0
清洁垫,8388,V2融合世界标签体系/通用分类标签/人造物体/器具/清洁工具/清洁垫,10580,V2融合世界标签体系/通用分类标签/人造物体/缓冲材料/垫子/清洁垫,1,1,1.0
一把手钳,8429,V2融合世界标签体系/通用分类标签/人造物体/固定装置/一把手钳,9113,V2融合世界标签体系/通用分类标签/人造物体/手工工具/一把手钳,1,1,1.0
塑料袋,8610,V2融合世界标签体系/通用分类标签/人造物体/容器/包/塑料袋,8612,V2融合世界标签体系/通用分类标签/人造物体/容器/包/塑料袋,1,1,1.0
葡萄酒杯,8858,V2融合世界标签体系/通用分类标签/人造物体/容器/杯子/葡萄酒杯,8860,V2融合世界标签体系/通用分类标签/人造物体/容器/杯子/葡萄酒杯,1,1,1.0
手铲,9129,V2融合世界标签体系/通用分类标签/人造物体/手工工具/手铲,9172,V2融合世界标签体系/通用分类标签/人造物体/手工工具/铲/手铲,1,1,1.0
救生背心,9409,V2融合世界标签体系/通用分类标签/人造物体/救援设备/保护者/救生背心,9935,V2融合世界标签体系/通用分类标签/人造物体/浮子/保护者/救生背心,1,1,1.0
卷盘,9509,V2融合世界标签体系/通用分类标签/人造物体/机制/机械装置/卷绕器/卷盘,9511,V2融合世界标签体系/通用分类标签/人造物体/机制/机械装置/卷绕器/卷盘,1,1,1.0
秋千,9572,V2融合世界标签体系/通用分类标签/人造物体/机制/机械装置/秋千,10200,V2融合世界标签体系/通用分类标签/人造物体/玩具/秋千,1,1,1.0
喷墨打印机,9644,V2融合世界标签体系/通用分类标签/人造物体/机器/印刷机/打印机/点式打印机/喷墨打印机,10366,V2融合世界标签体系/通用分类标签/人造物体/电子设备/外围设备/打印机/点式打印机/喷墨打印机,1,1,1.0
牙刷,9925,V2融合世界标签体系/通用分类标签/人造物体/洗漱用品/牙刷,30452,V2融合世界标签体系/通用分类标签/声音/牙刷,1,1,1.0
安全吊带,10514,V2融合世界标签体系/通用分类标签/人造物体/约束/安全吊带,11218,V2融合世界标签体系/通用分类标签/人造物体/覆盖物/可穿戴设备/装备/带/安全吊带,1,1,1.0
台面,10634,V2融合世界标签体系/通用分类标签/人造物体/表面/工作台面/台面,10635,V2融合世界标签体系/通用分类标签/人造物体/表面/工作台面/台面,1,1,1.0
台面,10634,V2融合世界标签体系/通用分类标签/人造物体/表面/工作台面/台面,10638,V2融合世界标签体系/通用分类标签/人造物体/表面/工作台面/桌面/台面,1,1,1.0
台面,10634,V2融合世界标签体系/通用分类标签/人造物体/表面/工作台面/台面,10647,V2融合世界标签体系/通用分类标签/人造物体/表面/桌面/台面,1,1,1.0
台面,10635,V2融合世界标签体系/通用分类标签/人造物体/表面/工作台面/台面,10638,V2融合世界标签体系/通用分类标签/人造物体/表面/工作台面/桌面/台面,1,1,1.0
台面,10635,V2融合世界标签体系/通用分类标签/人造物体/表面/工作台面/台面,10647,V2融合世界标签体系/通用分类标签/人造物体/表面/桌面/台面,1,1,1.0
台面,10638,V2融合世界标签体系/通用分类标签/人造物体/表面/工作台面/桌面/台面,10647,V2融合世界标签体系/通用分类标签/人造物体/表面/桌面/台面,1,1,1.0
上层甲板,10669,V2融合世界标签体系/通用分类标签/人造物体/表面/水平仪/平台/平台/上层甲板,10670,V2融合世界标签体系/通用分类标签/人造物体/表面/水平仪/平台/平台/上层甲板,1,1,1.0
假面具,10857,V2融合世界标签体系/通用分类标签/人造物体/覆盖物/假面具,10964,V2融合世界标签体系/通用分类标签/人造物体/覆盖物/可穿戴设备/打扮/伪装/假面具,1,1,1.0
乳搭,10925,V2融合世界标签体系/通用分类标签/人造物体/覆盖物/可穿戴设备/女装/乳搭,11014,V2融合世界标签体系/通用分类标签/人造物体/覆盖物/可穿戴设备/衣服/不可言说之物/乳搭,1,1,1.0
披肩,11096,V2融合世界标签体系/通用分类标签/人造物体/覆盖物/可穿戴设备/衣服/外衣/披风/披肩,11097,V2融合世界标签体系/通用分类标签/人造物体/覆盖物/可穿戴设备/衣服/外衣/披风/披肩,1,1,1.0
通风机,11501,V2融合世界标签体系/通用分类标签/人造物体/通风机,11502,V2融合世界标签体系/通用分类标签/人造物体/通风机,1,1,1.0
人行横道,11508,V2融合世界标签体系/通用分类标签/人造物体/道路/小径/人行横道,11510,V2融合世界标签体系/通用分类标签/人造物体/道路/小径/人行横道,1,1,1.0
加拿大马鹿,12440,V2融合世界标签体系/通用分类标签/动物/哺乳动物/有胎盘的/有蹄哺乳动物/偶蹄动物/反刍动物/鹿/加拿大马鹿,12442,V2融合世界标签体系/通用分类标签/动物/哺乳动物/有胎盘的/有蹄哺乳动物/偶蹄动物/反刍动物/鹿/加拿大马鹿,1,1,1.0
加拿大马鹿,12440,V2融合世界标签体系/通用分类标签/动物/哺乳动物/有胎盘的/有蹄哺乳动物/偶蹄动物/反刍动物/鹿/加拿大马鹿,12443,V2融合世界标签体系/通用分类标签/动物/哺乳动物/有胎盘的/有蹄哺乳动物/偶蹄动物/反刍动物/鹿/加拿大马鹿,1,1,1.0
加拿大马鹿,12442,V2融合世界标签体系/通用分类标签/动物/哺乳动物/有胎盘的/有蹄哺乳动物/偶蹄动物/反刍动物/鹿/加拿大马鹿,12443,V2融合世界标签体系/通用分类标签/动物/哺乳动物/有胎盘的/有蹄哺乳动物/偶蹄动物/反刍动物/鹿/加拿大马鹿,1,1,1.0
鸭,14074,V2融合世界标签体系/通用分类标签/动物/鸟类/家禽/鸭,14075,V2融合世界标签体系/通用分类标签/动物/鸟类/家禽/鸭,1,1,1.0
小雄驹,15078,V2融合世界标签体系/通用分类标签/动物/后代/幼年哺乳动物/雏马/小雄驹,15576,V2融合世界标签体系/通用分类标签/动物/雄性/小雄驹,1,1,1.0
主教座堂,17060,V2融合世界标签体系/通用分类标签/建筑与基础设施/宗教祭祀建筑/教堂/主教座堂,17061,V2融合世界标签体系/通用分类标签/建筑与基础设施/宗教祭祀建筑/教堂/主教座堂,1,1,1.0
修道院回廊,17402,V2融合世界标签体系/通用分类标签/建筑与基础设施/H类住宅/住所/修道院回廊,17476,V2融合世界标签体系/通用分类标签/建筑与基础设施/住宅/住处/H类住宅/住所/修道院回廊,1,1,1.0
教区牧师住宅,17407,V2融合世界标签体系/通用分类标签/建筑与基础设施/H类住宅/住所/教区牧师住宅,17481,V2融合世界标签体系/通用分类标签/建筑与基础设施/住宅/住处/H类住宅/住所/教区牧师住宅,1,1,1.0
小木屋,17419,V2融合世界标签体系/通用分类标签/建筑与基础设施/H类住宅/小木屋,17493,V2融合世界标签体系/通用分类标签/建筑与基础设施/住宅/住处/H类住宅/小木屋,1,1,1.0
休息室,17666,V2融合世界标签体系/通用分类标签/建筑与基础设施/区/室/休息室,17667,V2融合世界标签体系/通用分类标签/建筑与基础设施/区/室/休息室,1,1,1.0
画廊,17780,V2融合世界标签体系/通用分类标签/建筑与基础设施/区/室/画廊,17782,V2融合世界标签体系/通用分类标签/建筑与基础设施/区/室/画廊,1,1,1.0
钟塔,17854,V2融合世界标签体系/通用分类标签/建筑与基础设施/塔/钟塔,17856,V2融合世界标签体系/通用分类标签/建筑与基础设施/塔/钟塔,1,1,1.0
赌场,18093,V2融合世界标签体系/通用分类标签/建筑与基础设施/机构/商业机构/赌场,18248,V2融合世界标签体系/通用分类标签/建筑与基础设施/赌场,1,1,1.0
沙雕,18649,V2融合世界标签体系/通用分类标签/文化艺术与媒介/视觉艺术/雕塑/沙雕,18650,V2融合世界标签体系/通用分类标签/文化艺术与媒介/视觉艺术/雕塑/沙雕,1,1,1.0
复印件,19093,V2融合世界标签体系/通用分类标签/文化艺术与媒介/表征/副本/复印件,19116,V2融合世界标签体系/通用分类标签/文化艺术与媒介/表征/图画/复印件,1,1,1.0
文章,19548,V2融合世界标签体系/通用分类标签/文字与信息图形/书面交流/部分/文章,19663,V2融合世界标签体系/通用分类标签/文字与信息图形/听觉交流/部分/文章,1,1,1.0
图表,19976,V2融合世界标签体系/通用分类标签/文字与信息图形/视觉传达/图表,19978,V2融合世界标签体系/通用分类标签/文字与信息图形/视觉传达/图表,1,1,1.0
山龙眼属植物,20587,V2融合世界标签体系/通用分类标签/植物/乔木灌木林木/灌木/山龙眼属植物,20589,V2融合世界标签体系/通用分类标签/植物/乔木灌木林木/灌木/山龙眼属植物,1,1,1.0
铁线莲,21315,V2融合世界标签体系/通用分类标签/植物/草本竹藤植物/藤本植物/攀登者/铁线莲,21350,V2融合世界标签体系/通用分类标签/植物/草本竹藤植物/藤本植物/铁线莲,1,1,1.0
松果菊,21769,V2融合世界标签体系/通用分类标签/植物/显花植物/开花植物/开花植物/松果菊,21770,V2融合世界标签体系/通用分类标签/植物/显花植物/开花植物/开花植物/松果菊,1,1,1.0
漆姑草,21788,V2融合世界标签体系/通用分类标签/植物/显花植物/开花植物/开花植物/漆姑草,21790,V2融合世界标签体系/通用分类标签/植物/显花植物/开花植物/开花植物/漆姑草,1,1,1.0
羽衣甘蓝,22323,V2融合世界标签体系/通用分类标签/植物/草本植物/十字花科植物/羽衣甘蓝,29066,V2融合世界标签体系/通用分类标签/食物/农产品/蔬菜/十字花科蔬菜/卷心菜/羽衣甘蓝,1,1,1.0
假松露,22982,V2融合世界标签体系/通用分类标签/真菌与微生物/菌类/假松露,22984,V2融合世界标签体系/通用分类标签/真菌与微生物/菌类/假松露,1,1,1.0
诊所,23221,V2融合世界标签体系/通用分类标签/组织机构与社会事件/组织机构/医疗机构/诊所,23223,V2融合世界标签体系/通用分类标签/组织机构与社会事件/组织机构/医疗机构/诊所,1,1,1.0
乐团,23630,V2融合世界标签体系/通用分类标签/组织机构与社会事件/音乐组织/乐团,23632,V2融合世界标签体系/通用分类标签/组织机构与社会事件/音乐组织/乐团,1,1,1.0
山坡,24109,V2融合世界标签体系/通用分类标签/自然景观/侧面/山坡,24111,V2融合世界标签体系/通用分类标签/自然景观/侧面/山坡,1,1,1.0
冠饰,24118,V2融合世界标签体系/通用分类标签/自然景观/冠饰,24120,V2融合世界标签体系/通用分类标签/自然景观/冠饰,1,1,1.0
恒星,24171,V2融合世界标签体系/通用分类标签/自然景观/天体/恒星,24172,V2融合世界标签体系/通用分类标签/自然景观/天体/恒星,1,1,1.0
酒吧,24238,V2融合世界标签体系/通用分类标签/自然景观/天然高地/山脊/酒吧,24292,V2融合世界标签体系/通用分类标签/自然景观/机制/屏障/酒吧,1,1,1.0
水坑,24463,V2融合世界标签体系/通用分类标签/自然景观/水坑,24465,V2融合世界标签体系/通用分类标签/自然景观/水坑,1,1,1.0
仪式,25940,V2融合世界标签体系/通用分类标签/行为动作/仪式,25941,V2融合世界标签体系/通用分类标签/行为动作/仪式,1,1,1.0
伸出,26046,V2融合世界标签体系/通用分类标签/行为动作/伸出,26048,V2融合世界标签体系/通用分类标签/行为动作/伸出,1,1,1.0
挤,26593,V2融合世界标签体系/通用分类标签/行为动作/推进/推/加压/挤,26595,V2融合世界标签体系/通用分类标签/行为动作/推进/推/加压/挤,1,1,1.0
攻击,26644,V2融合世界标签体系/通用分类标签/行为动作/攻击,26645,V2融合世界标签体系/通用分类标签/行为动作/攻击,1,1,1.0
墨西哥卷饼,28832,V2融合世界标签体系/通用分类标签/食物/一道菜/墨西哥卷饼,28834,V2融合世界标签体系/通用分类标签/食物/一道菜/墨西哥卷饼,1,1,1.0
晚餐,29025,V2融合世界标签体系/通用分类标签/食物/一餐/晚餐,29027,V2融合世界标签体系/通用分类标签/食物/一餐/晚餐,1,1,1.0
软糖,29391,V2融合世界标签体系/通用分类标签/食物/摩托人力车/甜食/糖制食品/软糖,29393,V2融合世界标签体系/通用分类标签/食物/摩托人力车/甜食/糖制食品/软糖,1,1,1.0
预拌混凝土,29398,V2融合世界标签体系/通用分类标签/食物/方便食品/预拌混凝土,29826,V2融合世界标签体系/通用分类标签/食物/食品/混合物/混合物/预拌混凝土,1,1,1.0
波尔多红葡萄酒,29625,V2融合世界标签体系/通用分类标签/食物/致醉物/葡萄酒/波尔多/波尔多红葡萄酒,29649,V2融合世界标签体系/通用分类标签/食物/致醉物/葡萄酒/红葡萄酒/波尔多红葡萄酒,1,1,1.0
繁荣,30523,V2融合世界标签体系/通用分类标签/声音/繁荣,30524,V2融合世界标签体系/通用分类标签/声音/繁荣,1,1,1.0
最小值,31352,V2融合世界标签体系/通用分类标签/时间数量与度量/不定量/少量/最小值,31364,V2融合世界标签体系/通用分类标签/时间数量与度量/不定量/局限/极值/最小值,1,1,1.0
公制重量单位,31383,V2融合世界标签体系/通用分类标签/时间数量与度量/公制单位/公制重量单位,31608,V2融合世界标签体系/通用分类标签/时间数量与度量/质量单位/公制重量单位,1,1,1.0
公制长度单位,31385,V2融合世界标签体系/通用分类标签/时间数量与度量/公制单位/公制长度单位,31549,V2融合世界标签体系/通用分类标签/时间数量与度量/线性单位/公制长度单位,1,1,1.0
惰性气体,31623,V2融合世界标签体系/通用分类标签/材料与物质/元素/惰性气体,31847,V2融合世界标签体系/通用分类标签/材料与物质/流体/毒气/惰性气体,1,1,1.0
羊毛,31662,V2融合世界标签体系/通用分类标签/材料与物质/动物材料/动物产品/动物纤维/羊毛,31751,V2融合世界标签体系/通用分类标签/材料与物质/天然纤维/天然纤维/动物纤维/羊毛,1,1,1.0
柯巴脂,31691,V2融合世界标签体系/通用分类标签/材料与物质/化合物/有机化合物/松香/天然树脂/柯巴脂,31813,V2融合世界标签体系/通用分类标签/材料与物质/植物材料/植物产品/天然树脂/柯巴脂,1,1,1.0
氢氧化物,31694,V2融合世界标签体系/通用分类标签/材料与物质/化合物/氢氧化物,31695,V2融合世界标签体系/通用分类标签/材料与物质/化合物/氢氧化物,1,1,1.0
反对,32030,V2融合世界标签体系/通用分类标签/知识与学科/反对,32031,V2融合世界标签体系/通用分类标签/知识与学科/反对,1,1,1.0
