行号(全部出现位置),标签名,出现次数,父节点路径
76;77,储气罐,2,V2融合世界标签体系/通用分类标签/交通工具/军用交通载具/坦克
182;183,豪华游艇,2,V2融合世界标签体系/通用分类标签/交通工具/水上载具/游艇
266;268,出租马车,2,V2融合世界标签体系/通用分类标签/交通工具/畜力与传统载具/马车
646;647,交通拥堵,2,V2融合世界标签体系/通用分类标签/交通工具
654;655,全地形车,2,V2融合世界标签体系/通用分类标签/交通工具
665;666,公交车内部,2,V2融合世界标签体系/通用分类标签/交通工具
671;672,双层巴士,2,V2融合世界标签体系/通用分类标签/交通工具/公共运输/公交车
778;779,纵帆船,2,V2融合世界标签体系/通用分类标签/交通工具/容器/大型帆船
865;866,拖车,2,V2融合世界标签体系/通用分类标签/交通工具
923;924,汽车模型,2,V2融合世界标签体系/通用分类标签/交通工具
968;969,礼品卡,2,V2融合世界标签体系/通用分类标签/交通工具
977;982,航空器,2,V2融合世界标签体系/通用分类标签/交通工具
1007;1008;1009,舰队,3,V2融合世界标签体系/通用分类标签/交通工具
1072;1073,调车机车,2,V2融合世界标签体系/通用分类标签/交通工具/轮式车辆/自行式车辆/发动机
1122;1123,踏板车/摩托车,2,V2融合世界标签体系/通用分类标签/交通工具/轮式车辆/踏板车
1161;1162,铁路轨道,2,V2融合世界标签体系/通用分类标签/交通工具
1192;1193,尖牙,2,V2融合世界标签体系/通用分类标签/人物与人体/五官/牙齿
1216;1225,刀,2,V2融合世界标签体系/通用分类标签/人物与人体/人体部位/手臂
1235;1242,导弹,2,V2融合世界标签体系/通用分类标签/人物与人体/人体部位/手臂
1562;1563,先生,2,V2融合世界标签体系/通用分类标签/人物与人体/性别与生理属性/男性/成年雄性
1568;1569,族长,2,V2融合世界标签体系/通用分类标签/人物与人体/性别与生理属性/男性/成年雄性
1892;1893,恐怖,2,V2融合世界标签体系/通用分类标签/人物与人体/表情/恐惧
1949;1950,主题,2,V2融合世界标签体系/通用分类标签/人物与人体
2190;2206,美国人,2,V2融合世界标签体系/通用分类标签/人物与人体/住户
2277;2278,出生,2,V2融合世界标签体系/通用分类标签/人物与人体
2308;2309,设计师,2,V2融合世界标签体系/通用分类标签/人物与人体/创造者
2315;2492,劳动者,2,V2融合世界标签体系/通用分类标签/人物与人体
2395;2397,水兵,2,V2融合世界标签体系/通用分类标签/人物与人体/劳动者/技术工人/军事人员群体
2498;2501,区域,2,V2融合世界标签体系/通用分类标签/人物与人体
2623;2624,腿,2,V2融合世界标签体系/通用分类标签/人物与人体/外部身体部位/成员/翼
2659;2661,大人物,2,V2融合世界标签体系/通用分类标签/人物与人体/大人/有影响力的人
2778;2779,抗议者,2,V2融合世界标签体系/通用分类标签/人物与人体
2862;2865,骑乘者,2,V2融合世界标签体系/通用分类标签/人物与人体/旅行者
2934;2935,洛基,2,V2融合世界标签体系/通用分类标签/人物与人体
3065;3066,贝斯手,2,V2融合世界标签体系/通用分类标签/人物与人体/表演者/表演者/乐器演奏者
3076;3077,戏剧演员,2,V2融合世界标签体系/通用分类标签/人物与人体/表演者/表演者
3088;3089,电视演员,2,V2融合世界标签体系/通用分类标签/人物与人体/表演者/表演者
3113;3115,商人,2,V2融合世界标签体系/通用分类标签/人物与人体/资本家/商业人士
3241;3242,木琴,2,V2融合世界标签体系/通用分类标签/人造物体/中西乐器/打击乐器
3277;3283,管子,2,V2融合世界标签体系/通用分类标签/人造物体/中西乐器/管乐器
3331;3342,别针,2,V2融合世界标签体系/通用分类标签/人造物体/五金工具/紧固件
3354;3357,扣子,2,V2融合世界标签体系/通用分类标签/人造物体/五金工具/紧固件
4350;4351,纸杯,2,V2融合世界标签体系/通用分类标签/人造物体/厨房餐厨用品/餐具/陶瓷餐具/杯
4366;4367,搅拌碗,2,V2融合世界标签体系/通用分类标签/人造物体/厨房餐厨用品/餐具/陶瓷餐具/盘/碗
5109;5110,咖啡机,2,V2融合世界标签体系/通用分类标签/人造物体/家用电器/厨房用具/咖啡壶
5131;5140,吸尘器,2,V2融合世界标签体系/通用分类标签/人造物体/家用电器
5720;5728,唱片,2,V2融合世界标签体系/通用分类标签/人造物体/数码 3C 电子/存储设备
6057;6060,女帽,2,V2融合世界标签体系/通用分类标签/人造物体/服饰全品/帽子
6062;6063,宽边帽,2,V2融合世界标签体系/通用分类标签/人造物体/服饰全品/帽子
6075;6076;6077,泳帽,3,V2融合世界标签体系/通用分类标签/人造物体/服饰全品/帽子
6931;6932,飞行员太阳镜,2,V2融合世界标签体系/通用分类标签/人造物体/箱包首饰/眼镜/墨镜
7255;7256,四轮旱冰鞋,2,V2融合世界标签体系/通用分类标签/人造物体/体育器材/冰鞋
7317;7319,便利设施,2,V2融合世界标签体系/通用分类标签/人造物体
7354;7355,浴室柜,2,V2融合世界标签体系/通用分类标签/人造物体/储藏柜
7358;7359,边柜,2,V2融合世界标签体系/通用分类标签/人造物体/储藏柜
7376;7377,变焦镜头,2,V2融合世界标签体系/通用分类标签/人造物体/光学设备/透镜/光学透镜
7430;7431,剃刀片,2,V2融合世界标签体系/通用分类标签/人造物体/切割器具/刀片
7440;7441,凿子,2,V2融合世界标签体系/通用分类标签/人造物体/切割器具/切削工具/刃具
7532;7533,医疗设备,2,V2融合世界标签体系/通用分类标签/人造物体
7540;7541,单人床,2,V2融合世界标签体系/通用分类标签/人造物体/卧室家具/床
7567;7568,卷发器,2,V2融合世界标签体系/通用分类标签/人造物体
7581;7582,化妆镜,2,V2融合世界标签体系/通用分类标签/人造物体/反射器/反射镜
7618;7620,前帆,2,V2融合世界标签体系/通用分类标签/人造物体/台布/一块布/帆
7654;7655,丝绒,2,V2融合世界标签体系/通用分类标签/人造物体/台布
7696;7697;7699,帆布,3,V2融合世界标签体系/通用分类标签/人造物体/台布
7762;7765,网眼织物,2,V2融合世界标签体系/通用分类标签/人造物体/台布
7837;7838,安全帽,2,V2融合世界标签体系/通用分类标签/人造物体/商品/消费品/可穿戴设备/头具/兜鍪
7839;7840,摩托车头盔,2,V2融合世界标签体系/通用分类标签/人造物体/商品/消费品/可穿戴设备/头具/兜鍪
7879;7880,蕾丝连衣裙,2,V2融合世界标签体系/通用分类标签/人造物体/商品/消费品/可穿戴设备/女装/女服
7909;7910,万圣节服装,2,V2融合世界标签体系/通用分类标签/人造物体/商品/消费品/可穿戴设备/打扮/剧装
7961;7962;7963,内裤,3,V2融合世界标签体系/通用分类标签/人造物体/商品/消费品/可穿戴设备/衣服/不可言说之物/内裤
7980;7981,头巾,2,V2融合世界标签体系/通用分类标签/人造物体/商品/消费品/可穿戴设备/衣服/围巾
8005;8006,牛仔夹克,2,V2融合世界标签体系/通用分类标签/人造物体/商品/消费品/可穿戴设备/衣服/外衣/外套/夹克
8007;8008,皮夹克,2,V2融合世界标签体系/通用分类标签/人造物体/商品/消费品/可穿戴设备/衣服/外衣/外套/夹克
8030;8031,披肩,2,V2融合世界标签体系/通用分类标签/人造物体/商品/消费品/可穿戴设备/衣服/外衣/披风
8065;8066,铅笔裙,2,V2融合世界标签体系/通用分类标签/人造物体/商品/消费品/可穿戴设备/衣服/女裙
8086;8087,潜水服,2,V2融合世界标签体系/通用分类标签/人造物体/商品/消费品/可穿戴设备/衣服
8090;8091,紧身衣,2,V2融合世界标签体系/通用分类标签/人造物体/商品/消费品/可穿戴设备/衣服
8093;8095,背心,2,V2融合世界标签体系/通用分类标签/人造物体/商品/消费品/可穿戴设备/衣服
8098;8099;8100,T恤,3,V2融合世界标签体系/通用分类标签/人造物体/商品/消费品/可穿戴设备/衣服/衬衣
8109;8131,裤子,2,V2融合世界标签体系/通用分类标签/人造物体/商品/消费品/可穿戴设备/衣服
8139;8140,长袍,2,V2融合世界标签体系/通用分类标签/人造物体/商品/消费品/可穿戴设备/衣服/长袍
8156;8157,时尚配饰,2,V2融合世界标签体系/通用分类标签/人造物体/商品/消费品/可穿戴设备/装备
8261;8262,打蛋器,2,V2融合世界标签体系/通用分类标签/人造物体/器具/器具/厨房用具/厨房搅拌器
8308;8309,传动轴,2,V2融合世界标签体系/通用分类标签/人造物体/器具/杆/旋转轴
8434;8441,夹具,2,V2融合世界标签体系/通用分类标签/人造物体/固定装置
8449;8450,捕鼠器,2,V2融合世界标签体系/通用分类标签/人造物体/圈套
8491;8492,电脑椅,2,V2融合世界标签体系/通用分类标签/人造物体/坐椅/椅子
8512;8513,瓷砖,2,V2融合世界标签体系/通用分类标签/人造物体/块状物/厚板/瓦
8559;8560,唱片,2,V2融合世界标签体系/通用分类标签/人造物体/媒介
8610;8612,塑料袋,2,V2融合世界标签体系/通用分类标签/人造物体/容器/包
8615;8616,尿布包,2,V2融合世界标签体系/通用分类标签/人造物体/容器/包
8695;8696,玻璃花瓶,2,V2融合世界标签体系/通用分类标签/人造物体/容器/器皿/广口容器/花瓶
8736;8737,玻璃水瓶,2,V2融合世界标签体系/通用分类标签/人造物体/容器/器皿/瓶
8749;8750,玻璃碗,2,V2融合世界标签体系/通用分类标签/人造物体/容器/器皿/碗
8756;8757,花盆,2,V2融合世界标签体系/通用分类标签/人造物体/容器/器皿
8773;8790,容器,2,V2融合世界标签体系/通用分类标签/人造物体/容器
8794;8796,容器盒,2,V2融合世界标签体系/通用分类标签/人造物体/容器
8858;8860,葡萄酒杯,2,V2融合世界标签体系/通用分类标签/人造物体/容器/杯子
8904;8905,鞋盒,2,V2融合世界标签体系/通用分类标签/人造物体/容器/盒子
9098;9099,餐具柜,2,V2融合世界标签体系/通用分类标签/人造物体/扁平立体/板
9212;9213,指针,2,V2融合世界标签体系/通用分类标签/人造物体/指示器
9238;9240,壕沟,2,V2融合世界标签体系/通用分类标签/人造物体/挖掘/排水沟
9281;9282,副翼,2,V2融合世界标签体系/通用分类标签/人造物体/操纵台面
9285;9286,扰流板,2,V2融合世界标签体系/通用分类标签/人造物体/操纵台面
9317;9318,婴儿座椅,2,V2融合世界标签体系/通用分类标签/人造物体/支持/座位
9343;9344,支架,2,V2融合世界标签体系/通用分类标签/人造物体/支持
9368;9369,灯柱,2,V2融合世界标签体系/通用分类标签/人造物体/支持/结构构件/垂直方向/柱子
9385;9386,窗台,2,V2融合世界标签体系/通用分类标签/人造物体/支持/结构构件
9391;9392,肋骨,2,V2融合世界标签体系/通用分类标签/人造物体/支持
9508;9512,卷绕器,2,V2融合世界标签体系/通用分类标签/人造物体/机制/机械装置
9509;9511,卷盘,2,V2融合世界标签体系/通用分类标签/人造物体/机制/机械装置/卷绕器
9547;9550,水轮,2,V2融合世界标签体系/通用分类标签/人造物体/机制/机械装置/机器/车轮
9634;9635,印刷机,2,V2融合世界标签体系/通用分类标签/人造物体/机器
9745;9746,腕带,2,V2融合世界标签体系/通用分类标签/人造物体/条带/乐队
9748;9749,臂带,2,V2融合世界标签体系/通用分类标签/人造物体/条带/乐队
9773;9778,桌子,2,V2融合世界标签体系/通用分类标签/人造物体
9776;9777,餐桌,2,V2融合世界标签体系/通用分类标签/人造物体/桌子/板
9781;9782,写字台,2,V2融合世界标签体系/通用分类标签/人造物体/桌子/书桌
9784;9785,办公桌,2,V2融合世界标签体系/通用分类标签/人造物体/桌子/书桌
9824;9825,扑克桌,2,V2融合世界标签体系/通用分类标签/人造物体/桌子/赌桌
9830;9831,梳子,2,V2融合世界标签体系/通用分类标签/人造物体
9844;9845,比基尼上衣,2,V2融合世界标签体系/通用分类标签/人造物体
9847;9848,气球拱门,2,V2融合世界标签体系/通用分类标签/人造物体
9900;9901,眼影,2,V2融合世界标签体系/通用分类标签/人造物体/洗漱用品/化妆品/化妆
9909;9910,发胶,2,V2融合世界标签体系/通用分类标签/人造物体/洗漱用品
9965;9967,台球,2,V2融合世界标签体系/通用分类标签/人造物体/游戏器材/球
9982;9983,橄榄球,2,V2融合世界标签体系/通用分类标签/人造物体/游戏器材/球
10169;10207,玩具,2,V2融合世界标签体系/通用分类标签/人造物体
10175;10176,呼啦圈,2,V2融合世界标签体系/通用分类标签/人造物体/玩具
10284;10293,电池,2,V2融合世界标签体系/通用分类标签/人造物体/电力设备
10291;10292,便携式电池,2,V2融合世界标签体系/通用分类标签/人造物体/电力设备/电池
10325;10326,屏幕,2,V2融合世界标签体系/通用分类标签/人造物体/电子器件/指示器
10395;10396,付费电话,2,V2融合世界标签体系/通用分类标签/人造物体/电子设备/电话
10402;10403,有线电话,2,V2融合世界标签体系/通用分类标签/人造物体/电子设备/电话
10405;10407,监控器,2,V2融合世界标签体系/通用分类标签/人造物体/电子设备
10434;10435,白板,2,V2融合世界标签体系/通用分类标签/人造物体
10480;10489,粉底,2,V2融合世界标签体系/通用分类标签/人造物体
10505;10506,制动器,2,V2融合世界标签体系/通用分类标签/人造物体/约束
10512;10513,口套,2,V2融合世界标签体系/通用分类标签/人造物体/约束
10533;10540,粗绳,2,V2融合世界标签体系/通用分类标签/人造物体/线
10553;10554,细绳,2,V2融合世界标签体系/通用分类标签/人造物体/线/索
10575;10576,鼠标垫,2,V2融合世界标签体系/通用分类标签/人造物体/缓冲材料/垫子/垫子
10634;10635,台面,2,V2融合世界标签体系/通用分类标签/人造物体/表面/工作台面
10654;10655,木地板,2,V2融合世界标签体系/通用分类标签/人造物体/表面/水平仪/地板
10656;10657,玻璃地板,2,V2融合世界标签体系/通用分类标签/人造物体/表面/水平仪/地板
10669;10670,上层甲板,2,V2融合世界标签体系/通用分类标签/人造物体/表面/水平仪/平台/平台
10672;10673,着陆甲板,2,V2融合世界标签体系/通用分类标签/人造物体/表面/水平仪/平台/平台
10698;10699,机场跑道,2,V2融合世界标签体系/通用分类标签/人造物体/表面/水平仪/铺装表面/跑道
10721;10722,植物园,2,V2融合世界标签体系/通用分类标签/人造物体/装置
10729;10735,球场,2,V2融合世界标签体系/通用分类标签/人造物体/装置
10762;10764,兜帽,2,V2融合世界标签体系/通用分类标签/人造物体/覆盖物/保护
10793;10798,屏幕,2,V2融合世界标签体系/通用分类标签/人造物体/覆盖物/保护
10903;10904,安全帽,2,V2融合世界标签体系/通用分类标签/人造物体/覆盖物/可穿戴设备/头具/兜鍪
10905;10906,摩托车头盔,2,V2融合世界标签体系/通用分类标签/人造物体/覆盖物/可穿戴设备/头具/兜鍪
10945;10946,蕾丝连衣裙,2,V2融合世界标签体系/通用分类标签/人造物体/覆盖物/可穿戴设备/女装/女服
10975;10976,万圣节服装,2,V2融合世界标签体系/通用分类标签/人造物体/覆盖物/可穿戴设备/打扮/剧装
11027;11028;11029,内裤,3,V2融合世界标签体系/通用分类标签/人造物体/覆盖物/可穿戴设备/衣服/不可言说之物/内裤
11046;11047,头巾,2,V2融合世界标签体系/通用分类标签/人造物体/覆盖物/可穿戴设备/衣服/围巾
11071;11072,牛仔夹克,2,V2融合世界标签体系/通用分类标签/人造物体/覆盖物/可穿戴设备/衣服/外衣/外套/夹克
11073;11074,皮夹克,2,V2融合世界标签体系/通用分类标签/人造物体/覆盖物/可穿戴设备/衣服/外衣/外套/夹克
11096;11097,披肩,2,V2融合世界标签体系/通用分类标签/人造物体/覆盖物/可穿戴设备/衣服/外衣/披风
11131;11132,铅笔裙,2,V2融合世界标签体系/通用分类标签/人造物体/覆盖物/可穿戴设备/衣服/女裙
11152;11153,潜水服,2,V2融合世界标签体系/通用分类标签/人造物体/覆盖物/可穿戴设备/衣服
11156;11157,紧身衣,2,V2融合世界标签体系/通用分类标签/人造物体/覆盖物/可穿戴设备/衣服
11159;11161,背心,2,V2融合世界标签体系/通用分类标签/人造物体/覆盖物/可穿戴设备/衣服
11164;11165;11166,T恤,3,V2融合世界标签体系/通用分类标签/人造物体/覆盖物/可穿戴设备/衣服/衬衣
11175;11197,裤子,2,V2融合世界标签体系/通用分类标签/人造物体/覆盖物/可穿戴设备/衣服
11205;11206,长袍,2,V2融合世界标签体系/通用分类标签/人造物体/覆盖物/可穿戴设备/衣服/长袍
11222;11223,时尚配饰,2,V2融合世界标签体系/通用分类标签/人造物体/覆盖物/可穿戴设备/装备
11264;11265,地垫,2,V2融合世界标签体系/通用分类标签/人造物体/覆盖物/地板蒙布
11307;11308,眼罩,2,V2融合世界标签体系/通用分类标签/人造物体/覆盖物/布罩
11324;11325,抽油烟机,2,V2融合世界标签体系/通用分类标签/人造物体/覆盖物/排气罩
11387;11388,皮鞋,2,V2融合世界标签体系/通用分类标签/人造物体/覆盖物/足部装备/鞋
11393;11394,高跟鞋,2,V2融合世界标签体系/通用分类标签/人造物体/覆盖物/足部装备/鞋
11449;11484,连接,2,V2融合世界标签体系/通用分类标签/人造物体
11501;11502,通风机,2,V2融合世界标签体系/通用分类标签/人造物体
11508;11510,人行横道,2,V2融合世界标签体系/通用分类标签/人造物体/道路/小径
11571;11572,橡胶软管,2,V2融合世界标签体系/通用分类标签/人造物体/道路/通道/导管/管/软管
11711;11714;11715,树蛙,3,V2融合世界标签体系/通用分类标签/动物/两栖动物
11805;11810,家鼠,2,V2融合世界标签体系/通用分类标签/动物/哺乳动物/啮齿动物
11894;11895,小狗,2,V2融合世界标签体系/通用分类标签/动物/哺乳动物/犬科动物/家犬
12043;12044,敏狐,2,V2融合世界标签体系/通用分类标签/动物/哺乳动物/犬科动物/狐
12110;12111,虎猫,2,V2融合世界标签体系/通用分类标签/动物/哺乳动物/猫科动物/猫/野猫
12142;12146,小型马,2,V2融合世界标签体系/通用分类标签/动物/哺乳动物/马科动物/家马
12223;12224,针鼹,2,V2融合世界标签体系/通用分类标签/动物/哺乳动物/原兽类动物/单孔目动物
12371;12372,公牛,2,V2融合世界标签体系/通用分类标签/动物/哺乳动物/有胎盘的/有蹄哺乳动物/偶蹄动物/反刍动物/牛科动物/牛属动物/家牛
12414;12415;12416,大羚羊,3,V2融合世界标签体系/通用分类标签/动物/哺乳动物/有胎盘的/有蹄哺乳动物/偶蹄动物/反刍动物/牛科动物/羚羊
12440;12442;12443,加拿大马鹿,3,V2融合世界标签体系/通用分类标签/动物/哺乳动物/有胎盘的/有蹄哺乳动物/偶蹄动物/反刍动物/鹿
12485;12486,小须鲸,2,V2融合世界标签体系/通用分类标签/动物/哺乳动物/有胎盘的/水栖哺乳动物/鲸目动物/鲸/须鲸/一种鲸鱼
12497;12500,宽吻海豚,2,V2融合世界标签体系/通用分类标签/动物/哺乳动物/有胎盘的/水栖哺乳动物/鲸目动物/鲸/齿鲸/海豚
12508;12509,毛皮海豹,2,V2融合世界标签体系/通用分类标签/动物/哺乳动物/有胎盘的/水栖哺乳动物/鳍足动物/海豹/小耳朵海豹
12584;12585,二趾树懒,2,V2融合世界标签体系/通用分类标签/动物/哺乳动物/有胎盘的/贫齿类动物/树懒
12596;12597,浣熊,2,V2融合世界标签体系/通用分类标签/动物/哺乳动物/有胎盘的/食肉动物/浣熊
13234;13235,刺鲀,2,V2融合世界标签体系/通用分类标签/动物/水生非哺乳生物/硬骨鱼/真骨鱼/棘鳍目鱼/愈颌目/刺鲀
13283;13288,河鲈,2,V2融合世界标签体系/通用分类标签/动物/水生非哺乳生物/硬骨鱼/真骨鱼/棘鳍目鱼/鲈形亚目鱼
13306;13309,石首鱼,2,V2融合世界标签体系/通用分类标签/动物/水生非哺乳生物/硬骨鱼/真骨鱼/棘鳍目鱼/鲈形亚目鱼/石首鱼科的鱼
13412;13413,锦鲤,2,V2融合世界标签体系/通用分类标签/动物/水生非哺乳生物/硬骨鱼/真骨鱼/软鳍鱼/鲤形目鱼类/鲤科鱼/鲤鱼
13445;13446,沙洲鲨,2,V2融合世界标签体系/通用分类标签/动物/水生非哺乳生物/软骨鱼/板鳃类鱼/鲨鱼/真鲨
13756;13759,绿蛇,2,V2融合世界标签体系/通用分类标签/动物/爬行动物/蛇类/游蛇科蛇
14058;14059,小鸡,2,V2融合世界标签体系/通用分类标签/动物/鸟类/家禽/原鸡
14069;14070,烤鸡,2,V2融合世界标签体系/通用分类标签/动物/鸟类/家禽
14074;14075,鸭,2,V2融合世界标签体系/通用分类标签/动物/鸟类/家禽
14133;14134,小海雀,2,V2融合世界标签体系/通用分类标签/动物/鸟类/海鸟/海雀
14144;14147,塘鹅,2,V2融合世界标签体系/通用分类标签/动物/鸟类/海鸟/鹈形目海鸟
14145;14146,白鹈鹕,2,V2融合世界标签体系/通用分类标签/动物/鸟类/海鸟/鹈形目海鸟/塘鹅
14176;14177,叫鹤,2,V2融合世界标签体系/通用分类标签/动物/鸟类/涉禽
14185;14186,圣鹮,2,V2融合世界标签体系/通用分类标签/动物/鸟类/涉禽/朱鹭
14237;14238,大白鹭,2,V2融合世界标签体系/通用分类标签/动物/鸟类/涉禽/苍鹭/白鹭
14239;14240,小白鹭,2,V2融合世界标签体系/通用分类标签/动物/鸟类/涉禽/苍鹭/白鹭
14256;14257,裸颈鹳,2,V2融合世界标签体系/通用分类标签/动物/鸟类/涉禽/鹳
14289;14291,角鸮,2,V2融合世界标签体系/通用分类标签/动物/鸟类/猛禽/夜鸟
14298;14299,白尾海雕,2,V2融合世界标签体系/通用分类标签/动物/鸟类/猛禽/朱庇特之鸟/海雕
14331;14332,红隼,2,V2融合世界标签体系/通用分类标签/动物/鸟类/猛禽/鹰/猎鹰
14376;14377,山雀,2,V2融合世界标签体系/通用分类标签/动物/鸟类/鸣禽/山雀
14411;14412,钟鹊,2,V2融合世界标签体系/通用分类标签/动物/鸟类/鸣禽/澳洲喜鹊
14415;14416,双色树燕,2,V2融合世界标签体系/通用分类标签/动物/鸟类/鸣禽/燕子
14418;14421,崖沙燕,2,V2融合世界标签体系/通用分类标签/动物/鸟类/鸣禽/燕子
14423;14425,百灵,2,V2融合世界标签体系/通用分类标签/动物/鸟类/鸣禽
14436;14437,戴菊,2,V2融合世界标签体系/通用分类标签/动物/鸟类/鸣禽/莺类鸣禽/戴菊
14486;14487,朱顶雀,2,V2融合世界标签体系/通用分类标签/动物/鸟类/鸣禽/雀科鸟
14531;14532,欧歌鸫,2,V2融合世界标签体系/通用分类标签/动物/鸟类/鸣禽/鸫
14695;14696,普通秋沙鸭,2,V2融合世界标签体系/通用分类标签/动物/鸟类/水禽/水禽/雁形目鸟/鸭/海鸭/秋沙鸭
14711;14712,野鸭,2,V2融合世界标签体系/通用分类标签/动物/鸟类/水禽/水禽/雁形目鸟/鸭
14995;14998,凤头鹦鹉,2,V2融合世界标签体系/通用分类标签/动物/鸟类/鹦鹉
15067;15068,小牛,2,V2融合世界标签体系/通用分类标签/动物/后代/幼年哺乳动物
15072;15073;15074,幼兽,3,V2融合世界标签体系/通用分类标签/动物/后代/幼年哺乳动物
15081;15082,幼鸟,2,V2融合世界标签体系/通用分类标签/动物/后代/幼鸟
15088;15089,宠物,2,V2融合世界标签体系/通用分类标签/动物
15116;15117,幼虫,2,V2融合世界标签体系/通用分类标签/动物/幼虫
15125;15126,尺蠖,2,V2融合世界标签体系/通用分类标签/动物/幼虫/毛毛虫
15176;15177,海洋无脊椎动物,2,V2融合世界标签体系/通用分类标签/动物/无脊椎动物
15437;15443,海螺,2,V2融合世界标签体系/通用分类标签/动物/无脊椎动物/贝类水产/单壳软体动物
15473;15474,乌贼,2,V2融合世界标签体系/通用分类标签/动物/无脊椎动物/贝类水产/头足类/十腕亚目动物
15489;15490,渔村,2,V2融合世界标签体系/通用分类标签/动物
15496;15497,犬种,2,V2融合世界标签体系/通用分类标签/动物
15504;15505,兽群,2,V2融合世界标签体系/通用分类标签/动物/生物类群/动物组
15533;15534,观赏鱼,2,V2融合世界标签体系/通用分类标签/动物/脊索动物/有颅动物/水生脊椎动物/鱼
15537;15538,羊膜动物,2,V2融合世界标签体系/通用分类标签/动物/脊索动物/有颅动物
15571;15572,钓鱼,2,V2融合世界标签体系/通用分类标签/动物
15724;15725,市场摊位,2,V2融合世界标签体系/通用分类标签/场景/室内场景/商店/摊子/售货处
15734;15735,服装店,2,V2融合世界标签体系/通用分类标签/场景/室内场景/商店
15742;15743;15744,理发店,3,V2融合世界标签体系/通用分类标签/场景/室内场景/商店
15758;15759,幼儿园教室,2,V2融合世界标签体系/通用分类标签/场景/室内场景/教室
15782;15783,精品酒店,2,V2融合世界标签体系/通用分类标签/场景/室内场景/酒店
15801;15802,西餐厅,2,V2融合世界标签体系/通用分类标签/场景/室内场景/餐厅
16177;16187,球场,2,V2融合世界标签体系/通用分类标签/场景/自然户外场景/田野
16195;16196,野生田野,2,V2融合世界标签体系/通用分类标签/场景/自然户外场景/田野
16599;16600,室内按摩浴缸,2,V2融合世界标签体系/通用分类标签/场景
16630;16631,篝火,2,V2融合世界标签体系/通用分类标签/场景
16724;16725,自然历史博物馆,2,V2融合世界标签体系/通用分类标签/建筑与基础设施/公共服务建筑/博物馆
16948;16949,市场广场,2,V2融合世界标签体系/通用分类标签/建筑与基础设施/商业办公建筑/市场
16956;16957,花卉市场,2,V2融合世界标签体系/通用分类标签/建筑与基础设施/商业办公建筑/市场
16961;16962,露天市场,2,V2融合世界标签体系/通用分类标签/建筑与基础设施/商业办公建筑/市场
16975;16976,储蓄罐,2,V2融合世界标签体系/通用分类标签/建筑与基础设施/商业办公建筑/银行
17048;17049,亚洲寺庙,2,V2融合世界标签体系/通用分类标签/建筑与基础设施/宗教祭祀建筑/寺庙
17060;17061,主教座堂,2,V2融合世界标签体系/通用分类标签/建筑与基础设施/宗教祭祀建筑/教堂
17352;17353,沙漠公路,2,V2融合世界标签体系/通用分类标签/建筑与基础设施/路桥隧道工程/公路
17367;17368,街道,2,V2融合世界标签体系/通用分类标签/建筑与基础设施/路桥隧道工程/公路/通道
17398;17401,住所,2,V2融合世界标签体系/通用分类标签/建筑与基础设施/H类住宅
17403;17405,修道院,2,V2融合世界标签体系/通用分类标签/建筑与基础设施/H类住宅/住所/修道院回廊
17404;17406,修道院,2,V2融合世界标签体系/通用分类标签/建筑与基础设施/H类住宅/住所/修道院回廊/修道院
17425;17426,狩猎小屋,2,V2融合世界标签体系/通用分类标签/建筑与基础设施/H类住宅
17429;17430,石屋,2,V2融合世界标签体系/通用分类标签/建筑与基础设施/H类住宅
17465;17521,住处,2,V2融合世界标签体系/通用分类标签/建筑与基础设施/住宅
17472;17475,住所,2,V2融合世界标签体系/通用分类标签/建筑与基础设施/住宅/住处/H类住宅
17477;17479,修道院,2,V2融合世界标签体系/通用分类标签/建筑与基础设施/住宅/住处/H类住宅/住所/修道院回廊
17478;17480,修道院,2,V2融合世界标签体系/通用分类标签/建筑与基础设施/住宅/住处/H类住宅/住所/修道院回廊/修道院
17499;17500,狩猎小屋,2,V2融合世界标签体系/通用分类标签/建筑与基础设施/住宅/住处/H类住宅
17503;17504,石屋,2,V2融合世界标签体系/通用分类标签/建筑与基础设施/住宅/住处/H类住宅
17528;17529,单间公寓,2,V2融合世界标签体系/通用分类标签/建筑与基础设施/住宅/公寓
17540;17541,住宅区,2,V2融合世界标签体系/通用分类标签/建筑与基础设施
17551;17552,公寓楼外部,2,V2融合世界标签体系/通用分类标签/建筑与基础设施
17651;17658,天井,2,V2融合世界标签体系/通用分类标签/建筑与基础设施/区
17653;17654,公共中庭,2,V2融合世界标签体系/通用分类标签/建筑与基础设施/区/天井/中庭
17666;17667,休息室,2,V2融合世界标签体系/通用分类标签/建筑与基础设施/区/室
17670;17671;17672,会议室,3,V2融合世界标签体系/通用分类标签/建筑与基础设施/区/室
17688;17689,客舱,2,V2融合世界标签体系/通用分类标签/建筑与基础设施/区/室/包房
17699;17700,飞机客舱,2,V2融合世界标签体系/通用分类标签/建筑与基础设施/区/室/包房/飞机客舱
17708;17709,客房,2,V2融合世界标签体系/通用分类标签/建筑与基础设施/区/室/卧室
17735;17736,会议厅,2,V2融合世界标签体系/通用分类标签/建筑与基础设施/区/室/大厅
17756;17757,客厅,2,V2融合世界标签体系/通用分类标签/建筑与基础设施/区/室/接待室
17763;17764,更衣室,2,V2融合世界标签体系/通用分类标签/建筑与基础设施/区/室
17780;17782,画廊,2,V2融合世界标签体系/通用分类标签/建筑与基础设施/区/室
17787;17788,舞蹈室,2,V2融合世界标签体系/通用分类标签/建筑与基础设施/区/室
17840;17841,塔架,2,V2融合世界标签体系/通用分类标签/建筑与基础设施/塔
17854;17856,钟塔,2,V2融合世界标签体系/通用分类标签/建筑与基础设施/塔
17875;17876,家居装饰,2,V2融合世界标签体系/通用分类标签/建筑与基础设施
17893;17894,平转桥,2,V2融合世界标签体系/通用分类标签/建筑与基础设施
18010;18011,酒架,2,V2融合世界标签体系/通用分类标签/建筑与基础设施/支承结构/构架/支架
18030;18031,商店橱窗,2,V2融合世界标签体系/通用分类标签/建筑与基础设施/支承结构/构架/窗户
18032;18033;18034,天窗,3,V2融合世界标签体系/通用分类标签/建筑与基础设施/支承结构/构架/窗户
18040;18041,推拉窗,2,V2融合世界标签体系/通用分类标签/建筑与基础设施/支承结构/构架/窗户
18066;18067,旅店外部,2,V2融合世界标签体系/通用分类标签/建筑与基础设施
18122;18123,海湾大桥,2,V2融合世界标签体系/通用分类标签/建筑与基础设施/桥
18129;18130;18131,铁路桥,3,V2融合世界标签体系/通用分类标签/建筑与基础设施/桥
18173;18174,玻璃建筑,2,V2融合世界标签体系/通用分类标签/建筑与基础设施
18234;18235,蝴蝶馆,2,V2融合世界标签体系/通用分类标签/建筑与基础设施
18326;18327,电梯门,2,V2融合世界标签体系/通用分类标签/建筑与基础设施/辎重/屏障/可移动屏障/门
18329;18330,车库门,2,V2融合世界标签体系/通用分类标签/建筑与基础设施/辎重/屏障/可移动屏障/门
18345;18346,路障,2,V2融合世界标签体系/通用分类标签/建筑与基础设施/辎重/屏障
18458;18459,动画电影,2,V2融合世界标签体系/通用分类标签/文化艺术与媒介/影视视频/电影
18461;18462,喜剧电影,2,V2融合世界标签体系/通用分类标签/文化艺术与媒介/影视视频/电影
18463;18464,恐怖电影,2,V2融合世界标签体系/通用分类标签/文化艺术与媒介/影视视频/电影
18466;18467,科幻电影,2,V2融合世界标签体系/通用分类标签/文化艺术与媒介/影视视频/电影
18640;18641,冰雕,2,V2融合世界标签体系/通用分类标签/文化艺术与媒介/视觉艺术/雕塑
18642;18643,动物雕塑,2,V2融合世界标签体系/通用分类标签/文化艺术与媒介/视觉艺术/雕塑
18646;18647,青铜雕像,2,V2融合世界标签体系/通用分类标签/文化艺术与媒介/视觉艺术/雕塑/塑像
18649;18650,沙雕,2,V2融合世界标签体系/通用分类标签/文化艺术与媒介/视觉艺术/雕塑
18652;18653,石雕,2,V2融合世界标签体系/通用分类标签/文化艺术与媒介/视觉艺术/雕塑
18654;18655,青铜雕塑,2,V2融合世界标签体系/通用分类标签/文化艺术与媒介/视觉艺术/雕塑
18674;18675,电视节目,2,V2融合世界标签体系/通用分类标签/文化艺术与媒介/音乐音频/广播
18740;18748,书,2,V2融合世界标签体系/通用分类标签/文化艺术与媒介/产品
18757;18758,倒立,2,V2融合世界标签体系/通用分类标签/文化艺术与媒介/体育锻炼/体操练习
18815;18820,区域,2,V2融合世界标签体系/通用分类标签/文化艺术与媒介
18864;18867,工作室,2,V2融合世界标签体系/通用分类标签/文化艺术与媒介
18964;18965,油画,2,V2融合世界标签体系/通用分类标签/文化艺术与媒介
19067;19068,艺术工作室,2,V2融合世界标签体系/通用分类标签/文化艺术与媒介
19083;19084,卡通插图,2,V2融合世界标签体系/通用分类标签/文化艺术与媒介/表征/例证
19086;19087,水彩插图,2,V2融合世界标签体系/通用分类标签/文化艺术与媒介/表征/例证
19088;19089,矢量卡通插图,2,V2融合世界标签体系/通用分类标签/文化艺术与媒介/表征/例证
19189;19190,考古发掘,2,V2融合世界标签体系/通用分类标签/文化艺术与媒介/通过移除创造/挖掘
19193;19194,部分,2,V2融合世界标签体系/通用分类标签/文化艺术与媒介
19244;19245,音乐工作室,2,V2融合世界标签体系/通用分类标签/文化艺术与媒介
19495;19496,邀请,2,V2融合世界标签体系/通用分类标签/文字与信息图形/书信
19505;19506,邀请,2,V2融合世界标签体系/通用分类标签/文字与信息图形/书面交流/原文/书信
19519;19525,代码,2,V2融合世界标签体系/通用分类标签/文字与信息图形/书面交流/手写/字迹/编码系统
19566;19626,信号,2,V2融合世界标签体系/通用分类标签/文字与信息图形
19593;19594,奖章,2,V2融合世界标签体系/通用分类标签/文字与信息图形/信号/代号/奖项
19631;19632,邮件,2,V2融合世界标签体系/通用分类标签/文字与信息图形/信息
19743;19744,电影票,2,V2融合世界标签体系/通用分类标签/文字与信息图形/商业文件/券
19841;19842,新闻,2,V2融合世界标签体系/通用分类标签/文字与信息图形
19859;19860;19861,停车标志,3,V2融合世界标签体系/通用分类标签/文字与信息图形/标志/交通标志
19867;19868,警告标志,2,V2融合世界标签体系/通用分类标签/文字与信息图形/标志
19872;19873;19874,停车标志,3,V2融合世界标签体系/通用分类标签/文字与信息图形/标志/道路标志/交通标志
19976;19978,图表,2,V2融合世界标签体系/通用分类标签/文字与信息图形/视觉传达
19994;19995,公告,2,V2融合世界标签体系/通用分类标签/文字与信息图形/陈述
20012;20013,频道,2,V2融合世界标签体系/通用分类标签/文字与信息图形
20045;20046,圣诞树,2,V2融合世界标签体系/通用分类标签/植物/乔木灌木林木/针叶树/冷杉/银冷杉
20055;20056,云杉松,2,V2融合世界标签体系/通用分类标签/植物/乔木灌木林木/针叶树/松属植物
20097;20102,雪松,2,V2融合世界标签体系/通用分类标签/植物/乔木灌木林木/针叶树
20140;20141,印度楝,2,V2融合世界标签体系/通用分类标签/植物/乔木灌木林木/乔木
20250;20254,柑桔,2,V2融合世界标签体系/通用分类标签/植物/乔木灌木林木/乔木/开花乔木/果树/柑橘属
20285;20286,番石榴,2,V2融合世界标签体系/通用分类标签/植物/乔木灌木林木/乔木/开花乔木/果树
20333;20334,印度榕,2,V2融合世界标签体系/通用分类标签/植物/乔木灌木林木/乔木/无花果树
20348;20349,土耳其栎,2,V2融合世界标签体系/通用分类标签/植物/乔木灌木林木/乔木/栎树
20355;20356,月桂叶栎,2,V2融合世界标签体系/通用分类标签/植物/乔木灌木林木/乔木/栎树
20511;20512;20513,丝兰,3,V2融合世界标签体系/通用分类标签/植物/乔木灌木林木/灌木/丝兰
20587;20589,山龙眼属植物,2,V2融合世界标签体系/通用分类标签/植物/乔木灌木林木/灌木
20605;20606,月季,2,V2融合世界标签体系/通用分类标签/植物/乔木灌木林木/灌木
20664;20666,蜀葵,2,V2融合世界标签体系/通用分类标签/植物/乔木灌木林木/灌木/锦葵
20675;20676,得州羽扇豆,2,V2融合世界标签体系/通用分类标签/植物/乔木灌木林木/羽叶豆
21181;21182,臭菘,2,V2融合世界标签体系/通用分类标签/植物/水生植物/沼泽植物
21247;21248,羊茅,2,V2融合世界标签体系/通用分类标签/植物/草本竹藤植物/牧草
21416;21417,冬青蕨,2,V2融合世界标签体系/通用分类标签/植物/不开花植物/蕨类植物
21534;21535;21536,夜开花仙人掌,3,V2融合世界标签体系/通用分类标签/植物/多肉/仙人掌
21539;21540,桶形仙人掌,2,V2融合世界标签体系/通用分类标签/植物/多肉/仙人掌
21613;21614,仙客来,2,V2融合世界标签体系/通用分类标签/植物/显花植物/开花植物/开花植物
21652;21653,沼泽兰,2,V2融合世界标签体系/通用分类标签/植物/显花植物/开花植物/开花植物/兰科植物
21657;21658,火烧兰,2,V2融合世界标签体系/通用分类标签/植物/显花植物/开花植物/开花植物/兰科植物
21685;21686,蝇兰,2,V2融合世界标签体系/通用分类标签/植物/显花植物/开花植物/开花植物/兰科植物
21697;21698,剪秋罗,2,V2融合世界标签体系/通用分类标签/植物/显花植物/开花植物/开花植物/剪秋罗属
21741;21742,婆婆纳,2,V2融合世界标签体系/通用分类标签/植物/显花植物/开花植物/开花植物/婆婆纳
21753;21754,库存,2,V2融合世界标签体系/通用分类标签/植物/显花植物/开花植物/开花植物
21769;21770,松果菊,2,V2融合世界标签体系/通用分类标签/植物/显花植物/开花植物/开花植物
21774;21775,桂竹香,2,V2融合世界标签体系/通用分类标签/植物/显花植物/开花植物/开花植物
21788;21790,漆姑草,2,V2融合世界标签体系/通用分类标签/植物/显花植物/开花植物/开花植物
21796;21797,瓜叶菊,2,V2融合世界标签体系/通用分类标签/植物/显花植物/开花植物/开花植物
21805;21806,常夏石竹,2,V2融合世界标签体系/通用分类标签/植物/显花植物/开花植物/开花植物/石竹
21833;21834,冰岛罂粟,2,V2融合世界标签体系/通用分类标签/植物/显花植物/开花植物/开花植物/罂粟
21850;21851,草原火箭花,2,V2融合世界标签体系/通用分类标签/植物/显花植物/开花植物/开花植物
22126;22127,土耳其帽形植物,2,V2融合世界标签体系/通用分类标签/植物/球根植物/百合科植物/百合
22172;22173,盆栽植物,2,V2融合世界标签体系/通用分类标签/植物
22209;22210,花田,2,V2融合世界标签体系/通用分类标签/植物
22245;22246,三色堇,2,V2融合世界标签体系/通用分类标签/植物/草本植物/中提琴
22256;22257,乔派伊草,2,V2融合世界标签体系/通用分类标签/植物/草本植物
22272;22273,亚麻,2,V2融合世界标签体系/通用分类标签/植物/草本植物
22357;22358,响尾蛇根,2,V2融合世界标签体系/通用分类标签/植物/草本植物
22391;22392,三叶天南星,2,V2融合世界标签体系/通用分类标签/植物/草本植物/天南星属植物
22420;22421,山柳菊,2,V2融合世界标签体系/通用分类标签/植物/草本植物
22523;22524,甜叶菊,2,V2融合世界标签体系/通用分类标签/植物/草本植物
22550;22552,繁缕,2,V2融合世界标签体系/通用分类标签/植物/草本植物
22640;22641,墨西哥酸浆,2,V2融合世界标签体系/通用分类标签/植物/草本植物/酸浆
22743;22744,街头食品,2,V2融合世界标签体系/通用分类标签/植物
22745;22746,街市,2,V2融合世界标签体系/通用分类标签/植物
22747;22748,街景,2,V2融合世界标签体系/通用分类标签/植物
22982;22984,假松露,2,V2融合世界标签体系/通用分类标签/真菌与微生物/菌类
22999;23000,子囊菌,2,V2融合世界标签体系/通用分类标签/真菌与微生物/菌类
23014;23015,四孢蘑菇,2,V2融合世界标签体系/通用分类标签/真菌与微生物/菌类/担子菌/伞菌
23036;23037,蘑菇,2,V2融合世界标签体系/通用分类标签/真菌与微生物/菌类/担子菌/伞菌
23221;23223,诊所,2,V2融合世界标签体系/通用分类标签/组织机构与社会事件/组织机构/医疗机构
23252;23253,大学,2,V2融合世界标签体系/通用分类标签/组织机构与社会事件/组织机构/教育机构
23630;23632,乐团,2,V2融合世界标签体系/通用分类标签/组织机构与社会事件/音乐组织
23739;23740,冰洞,2,V2融合世界标签体系/通用分类标签/自然景观/地质地貌/洞穴
23939;23940;23941,鱼塘,3,V2融合世界标签体系/通用分类标签/自然景观/水文水体/湖泊/池
23945;23946,火山口湖,2,V2融合世界标签体系/通用分类标签/自然景观/水文水体/湖泊
23947;23948,盐湖,2,V2融合世界标签体系/通用分类标签/自然景观/水文水体/湖泊
24062;24063,松林,2,V2融合世界标签体系/通用分类标签/自然景观/生态环境/森林
24065;24066,热带雨林,2,V2融合世界标签体系/通用分类标签/自然景观/生态环境/森林
24068;24069,竹林,2,V2融合世界标签体系/通用分类标签/自然景观/生态环境/森林
24109;24111,山坡,2,V2融合世界标签体系/通用分类标签/自然景观/侧面
24118;24120,冠饰,2,V2融合世界标签体系/通用分类标签/自然景观
24133;24134,火坑,2,V2融合世界标签体系/通用分类标签/自然景观/凹陷地/中空的/坑
24141;24142;24143,河床,3,V2融合世界标签体系/通用分类标签/自然景观/凹陷地/床
24163;24164,多云天气,2,V2融合世界标签体系/通用分类标签/自然景观
24171;24172,恒星,2,V2融合世界标签体系/通用分类标签/自然景观/天体
24204;24205,壳,2,V2融合世界标签体系/通用分类标签/自然景观/天然覆盖物
24230;24231;24232,雪山,3,V2融合世界标签体系/通用分类标签/自然景观/天然高地/坐骑
24245;24246,山地景观,2,V2融合世界标签体系/通用分类标签/自然景观
24284;24285,晨光,2,V2融合世界标签体系/通用分类标签/自然景观
24328;24329,枫叶,2,V2融合世界标签体系/通用分类标签/自然景观/植物结构/植物器官/叶
24350;24351,松果,2,V2融合世界标签体系/通用分类标签/自然景观/植物结构/植物器官/生殖结构/圆锥体
24357;24358,假果,2,V2融合世界标签体系/通用分类标签/自然景观/植物结构/植物器官/生殖结构/果子
24401;24402,山核桃,2,V2融合世界标签体系/通用分类标签/自然景观/植物结构/植物器官/生殖结构/果子/种子/坚果/食用坚果
24463;24465,水坑,2,V2融合世界标签体系/通用分类标签/自然景观
24483;24484,海冰,2,V2融合世界标签体系/通用分类标签/自然景观
24485;24486,海景,2,V2融合世界标签体系/通用分类标签/自然景观
24536;24537,爆竹,2,V2融合世界标签体系/通用分类标签/节日与符号/庆典仪式元素/烟花
24559;24560,水果蛋糕,2,V2融合世界标签体系/通用分类标签/节日与符号/庆典仪式元素/蛋糕
24568;24569,胡萝卜蛋糕,2,V2融合世界标签体系/通用分类标签/节日与符号/庆典仪式元素/蛋糕
24572;24573,生日蜡烛,2,V2融合世界标签体系/通用分类标签/节日与符号/庆典仪式元素/蜡烛
24680;24681,遛狗,2,V2融合世界标签体系/通用分类标签/行为动作/交通出行动作/步行
24741;24742,街头摄影,2,V2融合世界标签体系/通用分类标签/行为动作/休闲娱乐动作/摄影
24772;24773,橄榄球,2,V2融合世界标签体系/通用分类标签/行为动作/休闲娱乐动作/游戏/体育游戏/户外游戏/场地运动/橄榄球
24789;24790,披肩榛鸡,2,V2融合世界标签体系/通用分类标签/行为动作/休闲娱乐动作/游戏/准许捕捉的鸟/松鸡
24830;24831,桌上足球,2,V2融合世界标签体系/通用分类标签/行为动作/休闲娱乐动作/游戏/桌上游戏
24840;24841,超级碗,2,V2融合世界标签体系/通用分类标签/行为动作/休闲娱乐动作/游戏
25712;25713,个人护理,2,V2融合世界标签体系/通用分类标签/行为动作/社交互动动作/照护
25754;25756,会议,2,V2融合世界标签体系/通用分类标签/行为动作/社交互动动作/聚会/会议
25898;25899,上升,2,V2融合世界标签体系/通用分类标签/行为动作
25911;25912,中断,2,V2融合世界标签体系/通用分类标签/行为动作
25940;25941,仪式,2,V2融合世界标签体系/通用分类标签/行为动作
25965;25970,滑冰,2,V2融合世界标签体系/通用分类标签/行为动作/休养/体育
25998;25999,时装秀,2,V2融合世界标签体系/通用分类标签/行为动作/休养/娱乐
26046;26048,伸出,2,V2融合世界标签体系/通用分类标签/行为动作
26095;26103,连接,2,V2融合世界标签体系/通用分类标签/行为动作/使联合
26110;26111,依附,2,V2融合世界标签体系/通用分类标签/行为动作
26149;26150;26151;26153;26154;26155,写,6,V2融合世界标签体系/通用分类标签/行为动作
26168;26171,出卖,2,V2融合世界标签体系/通用分类标签/行为动作
26172;26173,出口,2,V2融合世界标签体系/通用分类标签/行为动作
26217;26218,刹车,2,V2融合世界标签体系/通用分类标签/行为动作
26227;26228,剪切,2,V2融合世界标签体系/通用分类标签/行为动作
26271;26272,反射,2,V2融合世界标签体系/通用分类标签/行为动作
26274;26275,发射,2,V2融合世界标签体系/通用分类标签/行为动作
26306;26307,喘鸣,2,V2融合世界标签体系/通用分类标签/行为动作/呼吸
26308;26309,打鼾,2,V2融合世界标签体系/通用分类标签/行为动作/呼吸
26413;26414,定位,2,V2融合世界标签体系/通用分类标签/行为动作
26505;26506;26507,打排球,3,V2融合世界标签体系/通用分类标签/行为动作
26513;26514,打篮球,2,V2融合世界标签体系/通用分类标签/行为动作
26515;26516,打网球,2,V2融合世界标签体系/通用分类标签/行为动作
26517;26518,打羽毛球,2,V2融合世界标签体系/通用分类标签/行为动作
26539;26540,拍击,2,V2融合世界标签体系/通用分类标签/行为动作
26560;26561,挥舞,2,V2融合世界标签体系/通用分类标签/行为动作
26575;26576,接或掷飞盘,2,V2融合世界标签体系/通用分类标签/行为动作
26593;26595,挤,2,V2融合世界标签体系/通用分类标签/行为动作/推进/推/加压
26644;26645,攻击,2,V2融合世界标签体系/通用分类标签/行为动作
26661;26662,公路旅行,2,V2融合世界标签体系/通用分类标签/行为动作/旅行/旅程
26730;26731,毕业典礼,2,V2融合世界标签体系/通用分类标签/行为动作
26751;26752,海浪,2,V2融合世界标签体系/通用分类标签/行为动作
26763;26764,游行,2,V2融合世界标签体系/通用分类标签/行为动作
26851;26852,玩乒乓球,2,V2融合世界标签体系/通用分类标签/行为动作
26853;26854,玩具枪,2,V2融合世界标签体系/通用分类标签/行为动作
26893;26894,研究,2,V2融合世界标签体系/通用分类标签/行为动作/研究
26923;26924,给,2,V2融合世界标签体系/通用分类标签/行为动作
26930;26931,编辑,2,V2融合世界标签体系/通用分类标签/行为动作
26971;26972,角色扮演,2,V2融合世界标签体系/通用分类标签/行为动作
26982;26983,讨论,2,V2融合世界标签体系/通用分类标签/行为动作
27002;27003,踢足球,2,V2融合世界标签体系/通用分类标签/行为动作
27075;27076,骑自行车,2,V2融合世界标签体系/通用分类标签/行为动作
27797;27798,全麦面包,2,V2融合世界标签体系/通用分类标签/食物/烘焙甜品点心/面包
28486;28495,辣椒酱,2,V2融合世界标签体系/通用分类标签/食物/调味品
28505;28514,醋,2,V2融合世界标签体系/通用分类标签/食物/调味品
28832;28834,墨西哥卷饼,2,V2融合世界标签体系/通用分类标签/食物/一道菜
28840;28843,奶酪火锅,2,V2融合世界标签体系/通用分类标签/食物/一道菜
28888;28889,浓汤,2,V2融合世界标签体系/通用分类标签/食物/一道菜/汤
29025;29027,晚餐,2,V2融合世界标签体系/通用分类标签/食物/一餐
29160;29161,四季豆,2,V2融合世界标签体系/通用分类标签/食物/农产品/蔬菜/豆科植物/蚕豆/菜豆/鲜豆/四季豆
29196;29197,曼密苹果,2,V2融合世界标签体系/通用分类标签/食物/农产品/食用水果
29203;29204,杨桃,2,V2融合世界标签体系/通用分类标签/食物/农产品/食用水果
29214;29218,橘子,2,V2融合世界标签体系/通用分类标签/食物/农产品/食用水果/柑橘属
29228;29229,槟榔青属果实,2,V2融合世界标签体系/通用分类标签/食物/农产品/食用水果
29234;29235,欧楂果,2,V2融合世界标签体系/通用分类标签/食物/农产品/食用水果
29258;29259,哈密瓜,2,V2融合世界标签体系/通用分类标签/食物/农产品/食用水果/甜瓜/甜瓜
29312;29313,咖啡师,2,V2融合世界标签体系/通用分类标签/食物
29323;29325,奶,2,V2融合世界标签体系/通用分类标签/食物
29329;29330,姜饼屋,2,V2融合世界标签体系/通用分类标签/食物
29331;29332,婴儿食品,2,V2融合世界标签体系/通用分类标签/食物
29377;29378,棉花糖,2,V2融合世界标签体系/通用分类标签/食物/摩托人力车/甜食/糖制食品
29391;29393,软糖,2,V2融合世界标签体系/通用分类标签/食物/摩托人力车/甜食/糖制食品
29421;29422,油炸食品,2,V2融合世界标签体系/通用分类标签/食物
29425;29426,洋葱圈,2,V2融合世界标签体系/通用分类标签/食物
29448;29449,炒蛋,2,V2融合世界标签体系/通用分类标签/食物
29472;29473,珍珠奶茶,2,V2融合世界标签体系/通用分类标签/食物
29480;29483,饮食,2,V2融合世界标签体系/通用分类标签/食物/票价
29511;29512,牛排,2,V2融合世界标签体系/通用分类标签/食物/肉/切割
29767;29769,布丁,2,V2融合世界标签体系/通用分类标签/食物/路线/点心
29817;29821,果汁,2,V2融合世界标签体系/通用分类标签/食物/食品
29873;29874,MP3播放器,2,V2融合世界标签体系/通用分类标签/声音
30042;30043,呻吟声,2,V2融合世界标签体系/通用分类标签/声音/人类声音/人声
30149;30150,刺耳杂音,2,V2融合世界标签体系/通用分类标签/声音
30222;30223,嗡嗡声,2,V2融合世界标签体系/通用分类标签/声音
30390;30391,砰声,2,V2融合世界标签体系/通用分类标签/声音/来源不明声音/通用撞击声
30494;30495,白噪声,2,V2融合世界标签体系/通用分类标签/声音
30505;30506,破碎,2,V2融合世界标签体系/通用分类标签/声音
30523;30524,繁荣,2,V2融合世界标签体系/通用分类标签/声音
30601;30602,铿锵声,2,V2融合世界标签体系/通用分类标签/声音
30668;30669,内部,2,V2融合世界标签体系/通用分类标签/声音/频道/声环境
30741;30742,茶园,2,V2融合世界标签体系/通用分类标签/属性与状态/不动产/不动产/种植园
30752;30762,个性,2,V2融合世界标签体系/通用分类标签/属性与状态
30769;30770;30771,乡下+的,3,V2融合世界标签体系/通用分类标签/属性与状态
30804;30805;30806;30807,令人惊叹的,4,V2融合世界标签体系/通用分类标签/属性与状态
30830;30831,具有历史意义的,2,V2融合世界标签体系/通用分类标签/属性与状态
30845;30846,包含,2,V2融合世界标签体系/通用分类标签/属性与状态
30851;30852,历史+的,2,V2融合世界标签体系/通用分类标签/属性与状态
30862;30863,可转换的,2,V2融合世界标签体系/通用分类标签/属性与状态
30911;30912,坚固+的,2,V2融合世界标签体系/通用分类标签/属性与状态
30943;30944;30945,多雪的,3,V2融合世界标签体系/通用分类标签/属性与状态
30969;30970,州立公园,2,V2融合世界标签体系/通用分类标签/属性与状态
31116;31117,明亮的,2,V2融合世界标签体系/通用分类标签/属性与状态
31143;31144,沙质的,2,V2融合世界标签体系/通用分类标签/属性与状态
31185;31186,短+的,2,V2融合世界标签体系/通用分类标签/属性与状态
31187;31188,秃头的,2,V2融合世界标签体系/通用分类标签/属性与状态
31190;31191,稳定的,2,V2融合世界标签体系/通用分类标签/属性与状态
31228;31229,英俊的,2,V2融合世界标签体系/通用分类标签/属性与状态
31232;31233;31234;31236;31237;31238,裸露,6,V2融合世界标签体系/通用分类标签/属性与状态
31274;31275,赤膊的,2,V2融合世界标签体系/通用分类标签/属性与状态
31306;31307,一半,2,V2融合世界标签体系/通用分类标签/时间数量与度量/一定量/复数/实数/有理数/分数/分数
31308;31309,四分之一,2,V2融合世界标签体系/通用分类标签/时间数量与度量/一定量/复数/实数/有理数/分数/分数
31437;31438,季节,2,V2融合世界标签体系/通用分类标签/时间数量与度量/基本量/一段时间
31471;31472,夜空,2,V2融合世界标签体系/通用分类标签/时间数量与度量
31489;31491,货币,2,V2融合世界标签体系/通用分类标签/时间数量与度量/度量/标准/交换媒介
31494;31495,硬币,2,V2融合世界标签体系/通用分类标签/时间数量与度量/度量/标准/交换媒介/货币
31649;31650,兽皮,2,V2融合世界标签体系/通用分类标签/材料与物质/动物材料/动物产品/兽皮
31694;31695,氢氧化物,2,V2融合世界标签体系/通用分类标签/材料与物质/化合物
31741;31742,垃圾,2,V2融合世界标签体系/通用分类标签/材料与物质/垃圾
31843;31845,流体,2,V2融合世界标签体系/通用分类标签/材料与物质
31873;31874,火花,2,V2融合世界标签体系/通用分类标签/材料与物质
31969;31970,中央,2,V2融合世界标签体系/通用分类标签/知识与学科
31988;31990,城,2,V2融合世界标签体系/通用分类标签/知识与学科/人口聚居区/市镇
31999;32000,傍晚天空,2,V2融合世界标签体系/通用分类标签/知识与学科
32030;32031,反对,2,V2融合世界标签体系/通用分类标签/知识与学科
32034;32035,冥想,2,V2融合世界标签体系/通用分类标签/知识与学科/反射
32075;32077,城,2,V2融合世界标签体系/通用分类标签/知识与学科/地区/行政区/市镇
32240;32243,点,2,V2融合世界标签体系/通用分类标签/知识与学科
32355;32359,小径,2,V2融合世界标签体系/通用分类标签/知识与学科/线
32858;32863,军火,2,V2融合世界标签体系/IP 分类标签/地标与武器 IP/武器
32922;32923,足球守门员,2,V2融合世界标签体系/IP 分类标签/真人与人物 IP/体育明星/足球运动员
32953;32954,婚礼摄影师,2,V2融合世界标签体系/IP 分类标签/真人与人物 IP/历史古人/艺术家/摄影师
32961;32962,民间艺术家,2,V2融合世界标签体系/IP 分类标签/真人与人物 IP/历史古人/艺术家
32971;32972,街头艺术家,2,V2融合世界标签体系/IP 分类标签/真人与人物 IP/历史古人/艺术家
33068;33069,黑客,2,V2融合世界标签体系/IP 分类标签/真人与人物 IP/科学文化人物/工程师
33144;33145,主唱,2,V2融合世界标签体系/IP 分类标签/真人与人物 IP/音乐艺人/歌手
