domain,total,keep,reject,hold,keep_rate,reject_rate,hold_rate
人造物体,1774,745,491,538,41.9955%,27.6776%,30.3269%
行为动作,875,181,262,432,20.6857%,29.9429%,49.3714%
食物,634,338,103,193,53.3123%,16.2461%,30.4416%
人物与人体,565,100,173,292,17.6991%,30.6195%,51.6814%
植物,562,361,34,167,64.2349%,6.0498%,29.7153%
建筑与基础设施,464,412,20,32,88.7931%,4.3103%,6.8966%
动物,368,104,34,230,28.2609%,9.2391%,62.5000%
文化艺术与媒介,326,87,77,162,26.6871%,23.6196%,49.6933%
属性与状态,290,26,133,131,8.9655%,45.8621%,45.1724%
声音,267,9,246,12,3.3708%,92.1348%,4.4944%
交通工具,264,201,39,24,76.1364%,14.7727%,9.0909%
场景,255,240,5,10,94.1176%,1.9608%,3.9216%
自然景观,240,202,19,19,84.1667%,7.9167%,7.9167%
文字与信息图形,198,12,174,12,6.0606%,87.8788%,6.0606%
组织机构与社会事件,195,75,35,85,38.4615%,17.9487%,43.5897%
材料与物质,143,29,65,49,20.2797%,45.4545%,34.2657%
时间数量与度量,98,12,53,33,12.2449%,54.0816%,33.6735%
真菌与微生物,98,2,65,31,2.0408%,66.3265%,31.6327%
节日与符号,96,28,34,34,29.1667%,35.4167%,35.4167%
知识与学科,68,7,23,38,10.2941%,33.8235%,55.8824%
品牌与产品,53,0,49,4,0.0000%,92.4528%,7.5472%
地理与地点,34,33,0,1,97.0588%,0.0000%,2.9412%
政治、法律与社会制度,18,0,15,3,0.0000%,83.3333%,16.6667%
体育与游戏,7,1,4,2,14.2857%,57.1429%,28.5714%
医学与健康,7,2,1,4,28.5714%,14.2857%,57.1429%
历史与时代,7,5,0,2,71.4286%,0.0000%,28.5714%
数字与互联网文化,5,1,0,4,20.0000%,0.0000%,80.0000%
民族、语言与文化,5,0,0,5,0.0000%,0.0000%,100.0000%
宗教与信仰,1,1,0,0,100.0000%,0.0000%,0.0000%
